選手名,チーム,打率,試合,打席数,打数,安打,本塁打,打点,盗塁,四球,死球,三振,犠打,併殺打,出塁率,長打率,OPS,RC27,XR27,year
船越　涼太,広島,1.0,1,1,1,1,0,0,0,0,0,0,0,0,1.0,1.0,2.0,∞,∞,2016
水口　大地,西武,0.5,20,6,6,3,0,1,0,0,0,1,0,0,0.5,0.5,1.0,12.21,10.98,2016
廣岡　大志,ヤクルト,0.429,2,7,7,3,1,3,0,0,0,2,0,0,0.429,0.857,1.286,14.63,13.91,2016
岡　大海,日本ハム,0.374,41,154,131,49,2,12,9,15,4,27,3,4,0.45,0.473,0.924,8.52,8.04,2016
赤松　真人,広島,0.368,89,21,19,7,0,3,12,2,0,4,0,0,0.429,0.526,0.955,11.04,10.32,2016
牧田　明久,楽天,0.355,16,34,31,11,0,2,0,2,0,2,1,3,0.394,0.419,0.813,4.64,4.20,2016
坂本　勇人,巨人,0.344,137,576,488,168,23,75,13,81,0,67,1,6,0.433,0.555,0.988,9.40,9.07,2016
角中　勝也,ロッテ,0.339,143,607,525,178,8,69,12,68,6,64,2,8,0.417,0.461,0.877,7.62,7.28,2016
鈴木　誠也,広島,0.335,129,528,466,156,29,95,16,53,3,79,3,10,0.404,0.612,1.015,8.51,8.22,2016
岩本　貴裕,広島,0.333,27,22,21,7,0,5,0,1,0,8,0,0,0.364,0.524,0.887,7.43,6.75,2016
嶺井　博希,DeNA,0.333,11,17,15,5,0,3,0,0,2,2,0,1,0.412,0.4,0.812,5.59,5.18,2016
松井　淳,ヤクルト,0.333,2,5,3,1,0,0,0,1,1,0,0,0,0.6,0.333,0.933,13.59,13.50,2016
飯山　裕志,日本ハム,0.333,36,3,3,1,0,0,0,0,0,2,0,0,0.333,0.667,1.0,8.40,7.02,2016
渡邉　諒,日本ハム,0.333,1,3,3,1,1,1,0,0,0,0,0,0,0.333,1.333,1.667,16.85,17.01,2016
筒香　嘉智,DeNA,0.322,133,561,469,151,44,110,0,87,3,105,0,6,0.43,0.68,1.11,10.60,10.27,2016
大谷　翔平,日本ハム,0.322,104,382,323,104,22,67,7,54,1,98,0,7,0.416,0.588,1.004,8.88,8.70,2016
菊池　涼介,広島,0.315,141,640,574,181,13,56,13,40,0,106,23,3,0.358,0.432,0.79,5.77,5.58,2016
西川　遥輝,日本ハム,0.314,138,593,493,155,5,43,41,73,3,113,22,0,0.405,0.398,0.802,6.89,6.64,2016
福留　孝介,阪神,0.311,131,523,453,141,11,59,0,61,3,78,0,6,0.392,0.453,0.845,6.84,6.67,2016
阿部　慎之助,巨人,0.31,91,387,335,104,12,52,0,44,4,55,1,8,0.394,0.457,0.85,6.64,6.53,2016
浅村　栄斗,西武,0.309,143,611,557,172,24,82,8,38,7,108,3,18,0.357,0.51,0.867,6.10,5.97,2016
渡辺　直人,西武,0.309,70,207,181,56,0,16,1,10,3,20,11,5,0.352,0.348,0.7,4.29,4.20,2016
上本　達之,西武,0.307,67,98,88,27,1,12,0,8,0,23,1,2,0.361,0.386,0.747,4.87,4.79,2016
糸井　嘉男,オリックス,0.306,143,616,532,163,17,70,53,75,7,84,0,13,0.398,0.451,0.849,6.72,6.52,2016
柳田　悠岐,ソフトバンク,0.306,120,536,428,131,18,73,23,100,8,97,0,8,0.446,0.523,0.969,9.29,8.88,2016
内川　聖一,ソフトバンク,0.304,141,605,556,169,18,106,3,38,2,53,0,27,0.345,0.435,0.781,4.87,4.89,2016
山田　哲人,ヤクルト,0.304,133,590,481,146,38,102,30,97,8,101,0,16,0.425,0.607,1.032,9.34,9.16,2016
村田　修一,巨人,0.302,143,576,529,160,25,81,1,38,5,83,2,21,0.354,0.505,0.858,5.84,5.68,2016
川端　慎吾,ヤクルト,0.302,103,458,420,127,1,32,3,34,1,31,1,13,0.354,0.367,0.721,4.72,4.51,2016
工藤　隆人,中日,0.302,74,72,63,19,0,3,5,4,3,14,2,0,0.371,0.365,0.737,5.35,5.14,2016
新井　貴浩,広島,0.3,132,513,454,136,19,101,0,54,1,101,0,12,0.372,0.485,0.857,6.39,6.28,2016
谷内　亮太,ヤクルト,0.3,23,80,70,21,1,6,0,7,1,14,2,2,0.372,0.414,0.786,5.42,5.14,2016
鈴木　尚広,巨人,0.3,44,10,10,3,0,1,10,0,0,3,0,0,0.3,0.3,0.6,10.77,10.22,2016
原口　文仁,阪神,0.299,107,364,318,95,11,46,1,26,15,52,2,8,0.376,0.453,0.829,6.05,5.96,2016
秋山　翔吾,西武,0.296,143,671,578,171,11,62,18,77,10,103,0,2,0.385,0.422,0.807,6.54,6.40,2016
雄平,ヤクルト,0.296,108,436,412,122,7,55,7,21,0,51,1,9,0.329,0.396,0.724,4.70,4.53,2016
坂口　智隆,ヤクルト,0.295,141,607,526,155,0,39,7,63,8,66,5,5,0.375,0.34,0.716,5.16,5.10,2016
西岡　剛,阪神,0.295,55,205,190,56,0,15,6,13,2,25,0,5,0.346,0.342,0.688,4.42,4.19,2016
倉本　寿彦,DeNA,0.294,141,566,534,157,1,38,2,22,2,98,5,13,0.323,0.343,0.665,3.75,3.64,2016
エルドレッド,広島,0.294,95,354,316,93,21,53,1,31,4,86,0,8,0.362,0.538,0.9,6.81,6.78,2016
聖澤　諒,楽天,0.294,94,229,201,59,3,19,3,11,2,41,14,5,0.335,0.388,0.723,4.13,4.04,2016
西川　龍馬,広島,0.294,62,58,51,15,0,3,0,4,0,9,2,0,0.339,0.392,0.731,4.68,4.64,2016
陽　岱鋼,日本ハム,0.293,130,555,495,145,14,61,5,42,10,121,7,10,0.359,0.43,0.79,5.39,5.24,2016
大島　洋平,中日,0.292,143,656,599,175,3,27,26,46,6,69,4,3,0.348,0.382,0.73,5.09,4.88,2016
森　友哉,西武,0.292,107,392,349,102,10,46,1,42,0,96,0,3,0.367,0.436,0.803,6.09,5.91,2016
野間　峻祥,広島,0.292,21,25,24,7,0,1,1,0,0,3,1,1,0.292,0.292,0.583,2.03,2.00,2016
丸　佳浩,広島,0.291,143,652,557,162,20,90,23,84,7,107,1,9,0.389,0.481,0.87,6.91,6.75,2016
宮﨑　敏郎,DeNA,0.291,101,335,302,88,11,36,0,25,8,30,0,12,0.361,0.454,0.815,5.57,5.39,2016
松山　竜平,広島,0.291,103,275,254,74,10,41,0,20,0,29,0,4,0.342,0.465,0.806,5.80,5.67,2016
中島　宏之,オリックス,0.29,96,347,314,91,8,47,1,26,3,54,0,7,0.346,0.439,0.785,5.47,5.37,2016
吉田　正尚,オリックス,0.29,63,258,231,67,10,34,0,25,1,34,0,6,0.36,0.494,0.854,6.09,5.92,2016
中村　晃,ソフトバンク,0.287,143,612,488,140,7,50,6,99,12,53,9,8,0.416,0.377,0.793,6.28,6.19,2016
島内　宏明,楽天,0.287,114,388,342,98,9,41,10,33,2,48,7,7,0.349,0.404,0.753,5.14,5.16,2016
鈴木　大地,ロッテ,0.285,143,583,501,143,6,61,3,50,9,56,16,9,0.356,0.389,0.745,5.06,4.98,2016
ナニータ,中日,0.285,92,340,319,91,8,35,0,15,2,52,0,9,0.318,0.411,0.728,4.38,4.37,2016
桑原　将志,DeNA,0.284,133,522,462,131,11,49,19,38,14,93,8,5,0.356,0.413,0.769,5.28,5.13,2016
Ｔ－岡田,オリックス,0.284,123,513,454,129,20,76,5,47,7,105,0,12,0.357,0.471,0.828,5.93,5.87,2016
長野　久義,巨人,0.283,143,618,576,163,11,42,8,33,5,78,1,7,0.326,0.403,0.729,4.85,4.73,2016
安部　友裕,広島,0.282,115,292,259,73,6,33,7,19,1,64,7,3,0.327,0.429,0.756,5.18,5.18,2016
今江　敏晃,楽天,0.281,89,351,317,89,3,23,2,25,4,30,4,13,0.34,0.331,0.671,3.74,3.69,2016
デスパイネ,ロッテ,0.28,134,570,496,139,24,92,0,64,3,89,0,25,0.361,0.48,0.841,5.48,5.51,2016
本多　雄一,ソフトバンク,0.28,110,388,332,93,1,27,23,33,1,51,19,6,0.344,0.322,0.666,4.07,4.05,2016
栗山　巧,西武,0.279,135,569,477,133,3,41,0,83,6,87,0,9,0.39,0.369,0.759,5.70,5.57,2016
今浪　隆博,ヤクルト,0.279,94,240,201,56,1,28,0,30,2,25,3,3,0.371,0.368,0.739,5.20,5.25,2016
ペゲーロ,楽天,0.279,51,200,183,51,10,26,0,17,0,67,0,2,0.34,0.492,0.832,6.05,5.96,2016
茂木　栄五郎,楽天,0.278,117,481,424,118,7,40,11,30,4,95,21,8,0.33,0.408,0.738,4.58,4.46,2016
枡田　慎太郎,楽天,0.278,45,66,54,15,1,6,3,11,1,23,0,1,0.409,0.352,0.761,6.29,6.22,2016
木下　拓哉,中日,0.278,9,19,18,5,1,2,0,1,0,6,0,1,0.316,0.556,0.871,5.30,5.07,2016
髙山　俊,阪神,0.275,134,530,494,136,8,65,5,27,4,109,2,8,0.316,0.391,0.707,4.29,4.21,2016
細谷　圭,ロッテ,0.275,116,404,371,102,3,40,9,18,3,93,11,6,0.313,0.383,0.696,4.08,3.91,2016
岡田　幸文,ロッテ,0.275,121,356,327,90,0,18,14,20,3,42,6,2,0.323,0.315,0.638,3.74,3.65,2016
銀次,楽天,0.274,125,497,424,116,2,43,1,61,5,49,4,20,0.369,0.333,0.702,4.24,4.16,2016
ビシエド,中日,0.274,119,471,416,114,22,68,1,44,8,68,0,13,0.352,0.486,0.838,5.88,5.86,2016
安達　了一,オリックス,0.273,118,488,403,110,1,34,6,42,4,53,35,4,0.344,0.323,0.667,3.89,3.88,2016
梶谷　隆幸,DeNA,0.273,107,450,396,108,18,56,26,49,4,110,1,2,0.359,0.48,0.838,6.51,6.38,2016
北條　史也,阪神,0.273,122,438,385,105,5,33,6,38,4,91,7,10,0.341,0.382,0.723,4.62,4.52,2016
田中　賢介,日本ハム,0.272,143,626,541,147,2,53,22,69,9,56,3,4,0.361,0.312,0.674,4.64,4.63,2016
ルナ,広島,0.272,67,268,243,66,5,34,6,22,1,47,0,5,0.332,0.374,0.707,4.62,4.62,2016
長谷川　勇也,ソフトバンク,0.271,122,442,387,105,10,51,2,51,3,95,1,9,0.361,0.403,0.764,5.08,4.98,2016
嶋　基宏,楽天,0.271,80,256,199,54,2,17,4,40,0,43,17,6,0.393,0.357,0.75,4.74,4.63,2016
乙坂　智,DeNA,0.27,55,124,115,31,1,8,3,7,1,28,1,2,0.317,0.374,0.691,4.32,4.10,2016
下園　辰哉,DeNA,0.27,67,85,74,20,1,14,0,9,1,13,0,1,0.353,0.338,0.691,4.64,4.73,2016
バレンティン,ヤクルト,0.269,132,537,457,123,31,96,0,72,3,116,0,19,0.369,0.516,0.885,6.24,6.31,2016
森野　将彦,中日,0.268,68,170,142,38,1,15,0,26,2,24,0,1,0.388,0.331,0.719,5.46,5.36,2016
福田　永将,中日,0.267,89,306,270,72,10,37,0,28,6,42,0,9,0.346,0.407,0.754,4.78,4.83,2016
中谷　将大,阪神,0.266,64,163,154,41,4,14,1,8,1,49,0,2,0.307,0.39,0.696,4.13,4.05,2016
田中　広輔,広島,0.265,143,679,581,154,13,39,28,77,17,119,3,1,0.367,0.372,0.739,5.16,5.16,2016
ウィーラー,楽天,0.265,140,589,517,137,27,88,2,58,12,123,0,10,0.351,0.478,0.829,5.95,5.92,2016
金子　侑司,西武,0.265,129,520,460,122,1,33,53,40,6,69,13,5,0.331,0.311,0.642,3.94,3.90,2016
藤田　一也,楽天,0.265,120,449,408,108,0,46,1,19,1,44,18,7,0.297,0.321,0.618,3.16,3.13,2016
近藤　健介,日本ハム,0.265,80,291,257,68,2,27,5,29,0,45,3,7,0.337,0.323,0.66,3.83,3.84,2016
奥浪　鏡,オリックス,0.265,15,42,34,9,0,1,1,7,1,11,0,0,0.405,0.324,0.728,6.09,5.94,2016
西野　真弘,オリックス,0.264,143,610,538,142,2,33,16,56,2,55,13,7,0.335,0.331,0.666,4.13,4.06,2016
城所　龍磨,ソフトバンク,0.264,84,162,148,39,6,19,11,11,0,45,3,0,0.314,0.439,0.754,5.42,5.34,2016
レアード,日本ハム,0.263,143,598,547,144,39,97,0,44,3,138,0,16,0.319,0.516,0.835,5.49,5.58,2016
ロペス,DeNA,0.263,123,518,483,127,34,95,0,24,4,75,0,12,0.299,0.534,0.833,5.41,5.54,2016
後藤Ｇ武敏,DeNA,0.261,27,30,23,6,1,6,0,7,0,9,0,1,0.433,0.435,0.868,6.89,6.86,2016
杉山　翔大,中日,0.26,104,311,269,70,3,27,1,30,3,60,8,8,0.34,0.357,0.697,4.01,3.95,2016
松田　宣浩,ソフトバンク,0.259,143,609,548,142,27,85,6,48,8,141,0,14,0.325,0.467,0.792,5.01,5.08,2016
山川　穂高,西武,0.259,49,157,139,36,14,32,0,15,1,36,2,1,0.335,0.59,0.925,6.97,7.04,2016
井手　正太郎,DeNA,0.259,11,29,27,7,1,4,0,1,0,5,0,0,0.276,0.37,0.646,3.77,4.26,2016
ギャレット,巨人,0.258,123,465,422,109,24,68,0,39,4,106,0,10,0.327,0.486,0.813,5.37,5.34,2016
アマダー,楽天,0.258,39,138,132,34,9,19,0,6,0,32,0,6,0.29,0.515,0.805,4.60,4.66,2016
井口　資仁,ロッテ,0.257,79,176,152,39,5,34,1,19,2,50,0,1,0.341,0.408,0.749,5.26,5.41,2016
鵜久森　淳志,ヤクルト,0.257,46,146,136,35,4,19,0,9,0,22,1,4,0.303,0.39,0.693,3.86,3.83,2016
上本　博紀,阪神,0.257,45,113,101,26,2,8,3,12,0,14,0,0,0.336,0.386,0.722,5.27,5.10,2016
田村　龍弘,ロッテ,0.256,130,430,371,95,2,38,6,38,1,91,17,12,0.324,0.332,0.656,3.58,3.56,2016
山本　泰寛,巨人,0.256,27,86,78,20,0,2,0,2,0,20,6,2,0.275,0.346,0.621,2.62,2.47,2016
ゴメス,阪神,0.255,139,554,498,127,22,79,2,48,5,130,0,13,0.325,0.428,0.753,4.71,4.75,2016
西浦　直亨,ヤクルト,0.255,72,273,247,63,7,28,9,23,0,54,2,3,0.317,0.389,0.706,4.42,4.41,2016
堂上　直倫,中日,0.254,131,507,456,116,6,46,1,27,2,69,20,14,0.298,0.362,0.66,3.34,3.27,2016
谷口　雄也,日本ハム,0.254,83,211,193,49,1,9,7,8,1,48,9,2,0.287,0.306,0.593,3.14,3.10,2016
鬼﨑　裕司,西武,0.253,79,216,190,48,1,17,1,17,0,53,9,0,0.314,0.332,0.646,3.83,3.74,2016
メヒア,西武,0.252,137,583,511,129,35,103,1,59,6,148,0,15,0.333,0.509,0.842,5.62,5.75,2016
岡島　豪郎,楽天,0.252,127,485,420,106,6,35,7,46,10,49,6,4,0.338,0.345,0.683,4.14,4.19,2016
クルーズ,巨人,0.252,81,314,298,75,11,37,0,11,2,40,0,7,0.28,0.409,0.69,3.68,3.77,2016
亀井　善行,巨人,0.252,66,240,226,57,3,23,0,11,0,35,3,7,0.287,0.354,0.641,3.01,2.91,2016
高橋　周平,中日,0.251,75,283,255,64,4,29,0,22,4,84,1,7,0.319,0.369,0.688,3.86,3.81,2016
鶴岡　慎也,ソフトバンク,0.251,103,263,231,58,2,26,1,9,2,26,20,9,0.284,0.346,0.63,2.81,2.74,2016
中田　翔,日本ハム,0.25,141,624,569,142,25,110,2,47,3,126,0,14,0.308,0.431,0.738,4.44,4.53,2016
大引　啓次,ヤクルト,0.25,100,391,348,87,5,27,7,40,0,82,2,5,0.326,0.345,0.671,3.95,3.94,2016
荻野　貴司,ロッテ,0.25,71,219,192,48,3,21,16,14,4,25,9,3,0.314,0.365,0.679,4.26,4.14,2016
後藤　光尊,楽天,0.25,50,138,132,33,2,10,2,4,1,30,0,1,0.275,0.341,0.616,3.35,3.37,2016
下水流　昂,広島,0.25,48,116,104,26,5,18,0,12,0,26,0,7,0.328,0.452,0.78,4.24,4.22,2016
堂林　翔太,広島,0.25,47,60,56,14,2,2,3,3,0,11,1,0,0.288,0.357,0.645,3.75,3.86,2016
實松　一成,巨人,0.25,19,33,28,7,1,1,0,4,0,7,1,0,0.344,0.393,0.737,5.06,4.93,2016
武内　晋一,ヤクルト,0.25,25,24,20,5,0,2,0,4,0,5,0,1,0.375,0.25,0.625,3.47,3.54,2016
アンダーソン,巨人,0.25,3,12,12,3,0,1,0,0,0,4,0,0,0.25,0.25,0.5,1.94,1.98,2016
清水　優心,日本ハム,0.25,5,8,8,2,0,0,0,0,0,2,0,0,0.25,0.25,0.5,1.97,1.98,2016
田代　将太郎,西武,0.25,13,5,4,1,0,0,0,0,0,0,1,0,0.25,0.25,0.5,1.86,1.82,2016
サブロー,ロッテ,0.25,1,4,4,1,0,0,0,0,0,3,0,0,0.25,0.5,0.75,4.46,3.87,2016
エルナンデス,中日,0.249,64,256,233,58,5,26,1,17,0,61,4,6,0.298,0.365,0.662,3.47,3.51,2016
小谷野　栄一,オリックス,0.249,50,189,177,44,4,13,1,3,1,30,8,3,0.265,0.35,0.615,2.95,2.93,2016
平田　良介,中日,0.248,118,494,416,103,14,73,4,72,2,89,0,5,0.358,0.411,0.769,5.49,5.53,2016
髙谷　裕亮,ソフトバンク,0.247,37,103,81,20,2,16,0,10,1,12,10,4,0.333,0.321,0.654,3.15,3.31,2016
荒木　雅博,中日,0.246,93,321,289,71,1,16,13,15,3,39,14,9,0.29,0.291,0.581,2.80,2.74,2016
小島　脩平,オリックス,0.246,79,219,199,49,0,9,6,9,3,29,8,3,0.289,0.307,0.596,2.57,2.51,2016
荒木　郁也,阪神,0.246,46,73,57,14,0,2,2,8,1,10,7,1,0.348,0.281,0.629,3.68,3.56,2016
今宮　健太,ソフトバンク,0.245,137,590,497,122,10,56,8,47,3,86,38,7,0.312,0.37,0.682,3.82,3.87,2016
大野　奨太,日本ハム,0.245,109,351,282,69,5,35,1,25,13,63,31,6,0.334,0.344,0.678,3.78,3.73,2016
加藤　翔平,ロッテ,0.245,80,246,216,53,0,12,6,13,1,46,16,1,0.291,0.31,0.601,3.16,3.08,2016
畠山　和洋,ヤクルト,0.245,45,190,163,40,1,18,0,26,1,24,0,6,0.353,0.325,0.678,3.92,3.85,2016
坂田　遼,西武,0.245,45,161,151,37,3,26,0,8,0,22,0,5,0.28,0.371,0.65,3.22,3.30,2016
伊藤　隼太,阪神,0.245,29,54,53,13,1,4,0,1,0,11,0,0,0.259,0.34,0.599,2.76,2.84,2016
モレル,オリックス,0.244,94,348,308,75,8,38,2,30,6,88,0,10,0.319,0.364,0.683,3.87,4.00,2016
牧原　大成,ソフトバンク,0.244,41,97,90,22,0,6,4,1,0,15,5,0,0.25,0.278,0.528,2.52,2.57,2016
福浦　和也,ロッテ,0.244,36,90,82,20,0,7,0,5,3,12,0,2,0.311,0.268,0.579,2.85,2.84,2016
相川　亮二,巨人,0.244,37,48,41,10,0,4,0,6,0,10,0,0,0.333,0.293,0.626,3.98,4.13,2016
中島　卓也,日本ハム,0.243,143,600,473,115,0,28,23,63,1,117,62,5,0.333,0.268,0.601,3.16,3.17,2016
西田　明央,ヤクルト,0.243,74,245,222,54,7,25,0,18,1,39,4,5,0.303,0.419,0.722,4.21,4.09,2016
荒木　貴裕,ヤクルト,0.243,61,131,111,27,1,9,2,9,2,20,9,5,0.311,0.333,0.645,2.97,2.90,2016
三輪　正義,ヤクルト,0.242,51,41,33,8,0,2,1,3,0,10,5,1,0.306,0.303,0.609,2.86,2.82,2016
伏見　寅威,オリックス,0.242,17,35,33,8,0,1,0,0,2,6,0,1,0.286,0.242,0.528,2.04,2.09,2016
伊藤　光,オリックス,0.241,80,203,187,45,3,15,1,3,1,36,12,6,0.257,0.326,0.583,2.32,2.29,2016
狩野　恵輔,阪神,0.241,66,95,87,21,3,17,0,5,1,18,1,2,0.287,0.356,0.644,3.33,3.54,2016
杉谷　拳士,日本ハム,0.24,62,138,104,25,0,9,4,11,0,23,23,1,0.313,0.308,0.621,2.97,2.86,2016
會澤　翼,広島,0.239,83,220,197,47,7,26,1,14,4,42,4,7,0.301,0.381,0.682,3.50,3.59,2016
ペレス,楽天,0.239,24,93,88,21,5,15,0,5,0,29,0,2,0.28,0.432,0.711,3.93,4.05,2016
中村　剛也,西武,0.238,108,432,387,92,21,61,2,40,3,125,0,9,0.313,0.447,0.76,4.67,4.78,2016
宮﨑　祐樹,オリックス,0.238,23,49,42,10,0,0,0,3,1,8,3,0,0.304,0.262,0.566,2.55,2.58,2016
松本　剛,日本ハム,0.238,12,22,21,5,0,2,1,0,0,5,1,0,0.238,0.286,0.524,2.41,2.32,2016
鳥谷　敬,阪神,0.236,143,533,449,106,7,36,13,75,2,80,1,12,0.344,0.323,0.667,4.10,4.25,2016
板山　祐太郎,阪神,0.236,40,115,106,25,0,5,1,7,0,31,2,0,0.283,0.302,0.585,3.08,3.01,2016
大嶺　翔太,ロッテ,0.236,38,80,72,17,0,7,0,2,0,20,6,2,0.257,0.319,0.576,2.25,2.14,2016
橋本　到,巨人,0.233,74,259,219,51,2,20,7,20,0,45,20,4,0.297,0.338,0.635,3.15,3.07,2016
井上　晴哉,ロッテ,0.232,35,107,99,23,2,16,0,5,3,19,0,6,0.29,0.343,0.633,2.64,2.63,2016
大和,阪神,0.231,111,259,229,53,1,20,3,12,1,53,15,9,0.27,0.323,0.594,2.33,2.33,2016
福田　秀平,ソフトバンク,0.231,81,239,212,49,3,18,11,20,1,51,4,2,0.298,0.335,0.633,3.58,3.68,2016
ヘイグ,阪神,0.231,31,124,104,24,2,11,1,16,2,21,0,3,0.339,0.346,0.685,4.19,4.37,2016
斐紹,ソフトバンク,0.231,13,31,26,6,0,1,0,0,0,8,4,0,0.222,0.269,0.491,1.74,2.04,2016
明石　健志,ソフトバンク,0.23,47,152,135,31,0,16,6,7,2,34,6,3,0.274,0.304,0.578,2.58,2.69,2016
比屋根　渉,ヤクルト,0.23,76,142,126,29,0,5,8,8,0,15,8,0,0.276,0.294,0.57,3.04,3.00,2016
立岡　宗一郎,巨人,0.229,51,209,188,43,2,9,9,10,5,31,6,1,0.286,0.303,0.589,3.04,3.06,2016
江川　智晃,ソフトバンク,0.228,42,138,114,26,4,15,0,18,3,44,1,2,0.343,0.386,0.729,4.41,4.68,2016
若月　健矢,オリックス,0.227,85,262,229,52,0,20,0,4,6,42,23,5,0.259,0.284,0.543,2.06,1.97,2016
足立　祐一,楽天,0.227,73,208,185,42,1,14,0,10,0,36,11,2,0.264,0.27,0.534,2.07,2.21,2016
今成　亮太,阪神,0.227,82,132,119,27,0,5,1,10,1,27,1,3,0.29,0.252,0.542,2.11,2.25,2016
岡田　雅利,西武,0.227,47,79,66,15,0,5,0,9,2,18,2,2,0.338,0.227,0.565,2.76,2.87,2016
戸柱　恭孝,DeNA,0.226,124,393,367,83,2,23,0,20,1,63,4,10,0.267,0.264,0.532,2.01,2.05,2016
亀澤　恭平,中日,0.226,59,137,124,28,0,5,5,8,0,20,4,1,0.271,0.258,0.529,2.18,2.29,2016
細川　亨,ソフトバンク,0.226,49,115,93,21,1,6,1,6,1,28,15,4,0.28,0.28,0.56,2.02,2.04,2016
清田　育宏,ロッテ,0.225,106,417,365,82,6,38,5,40,9,76,3,12,0.316,0.326,0.642,3.45,3.43,2016
ジェフン,ヤクルト,0.225,17,42,40,9,0,2,0,2,0,12,0,0,0.262,0.275,0.537,2.03,2.03,2016
大城　滉二,オリックス,0.224,64,177,161,36,0,7,1,5,0,38,10,4,0.246,0.261,0.506,1.36,1.46,2016
山下　幸輝,DeNA,0.224,62,100,98,22,0,7,3,1,0,18,0,1,0.23,0.265,0.495,1.77,1.90,2016
飯原　誉士,ヤクルト,0.224,63,77,67,15,3,9,0,8,1,19,1,2,0.316,0.403,0.719,4.11,4.18,2016
片岡　治大,巨人,0.222,32,93,81,18,2,4,4,6,0,8,6,2,0.276,0.333,0.609,3.05,3.03,2016
三好　匠,楽天,0.222,38,70,63,14,3,6,0,5,0,16,2,1,0.279,0.365,0.644,3.29,3.47,2016
友永　翔太,中日,0.222,12,10,9,2,0,0,0,0,0,4,1,0,0.222,0.222,0.444,1.22,1.28,2016
木村　昇吾,西武,0.221,38,108,95,21,0,5,3,6,0,22,5,2,0.262,0.263,0.525,2.20,2.41,2016
上田　剛史,ヤクルト,0.22,72,92,82,18,1,10,5,4,3,13,1,1,0.275,0.305,0.58,2.63,2.96,2016
炭谷　銀仁朗,西武,0.218,117,326,294,64,1,22,0,13,0,48,19,12,0.251,0.269,0.52,1.54,1.55,2016
エリアン,DeNA,0.218,79,274,257,56,5,33,2,13,1,57,3,3,0.258,0.339,0.597,2.80,2.81,2016
ブランコ,オリックス,0.218,27,94,78,17,3,13,0,14,1,26,0,2,0.34,0.359,0.699,4.29,4.55,2016
ナバーロ,ロッテ,0.217,82,340,286,62,10,44,0,49,1,64,0,5,0.329,0.35,0.679,3.97,4.26,2016
小窪　哲也,広島,0.217,69,107,92,20,2,10,0,11,3,23,1,2,0.321,0.402,0.723,4.36,4.25,2016
藤井　淳志,中日,0.216,87,187,167,36,3,19,0,12,0,45,6,3,0.265,0.311,0.577,2.53,2.69,2016
髙濱　卓也,ロッテ,0.215,53,158,144,31,3,13,0,8,0,30,6,2,0.257,0.319,0.576,2.52,2.55,2016
根元　俊一,ロッテ,0.215,48,121,107,23,2,12,1,10,1,30,2,2,0.286,0.327,0.613,3.08,3.26,2016
柴田　講平,阪神,0.214,10,17,14,3,0,0,0,1,1,3,1,0,0.313,0.286,0.598,3.27,3.22,2016
岩﨑　恭平,オリックス,0.214,9,15,14,3,0,0,0,1,0,5,0,0,0.267,0.214,0.481,0.90,1.10,2016
松井　稼頭央,楽天,0.213,56,179,160,34,2,13,3,17,1,42,0,5,0.291,0.3,0.591,2.80,2.89,2016
上林　誠知,ソフトバンク,0.211,14,19,19,4,0,1,0,0,0,7,0,0,0.211,0.263,0.474,1.48,1.46,2016
石川　雄洋,DeNA,0.209,95,329,297,62,2,14,6,18,2,67,11,3,0.258,0.269,0.527,2.06,2.16,2016
江越　大賀,阪神,0.209,72,217,191,40,7,20,4,18,3,78,2,2,0.284,0.361,0.645,3.32,3.62,2016
吉村　裕基,ソフトバンク,0.209,78,206,177,37,5,28,1,14,7,46,4,5,0.287,0.328,0.615,2.89,3.22,2016
白崎　浩之,DeNA,0.207,92,214,203,42,6,12,0,6,3,32,2,8,0.241,0.35,0.59,2.16,2.22,2016
谷　哲也,中日,0.207,52,91,82,17,0,6,1,8,0,16,1,4,0.278,0.232,0.509,1.64,1.70,2016
矢野　謙次,日本ハム,0.207,34,35,29,6,1,8,0,4,1,5,0,0,0.314,0.379,0.694,4.49,4.88,2016
柴田　竜拓,DeNA,0.205,19,46,39,8,0,2,1,5,0,8,2,1,0.295,0.256,0.552,2.52,2.60,2016
小林　誠司,巨人,0.204,129,458,398,81,4,35,2,36,4,76,19,10,0.276,0.269,0.544,2.18,2.24,2016
関根　大気,DeNA,0.204,70,106,98,20,0,7,4,2,2,18,4,0,0.235,0.235,0.47,1.31,1.43,2016
内田　靖人,楽天,0.204,17,58,54,11,2,7,0,4,0,27,0,0,0.259,0.389,0.648,3.44,3.47,2016
園部　聡,オリックス,0.204,16,57,54,11,1,6,0,2,1,24,0,0,0.246,0.315,0.56,2.50,2.55,2016
中川　大志,楽天,0.203,22,80,74,15,2,18,0,5,0,21,1,1,0.253,0.311,0.564,2.40,2.53,2016
石原　慶幸,広島,0.202,106,289,243,49,0,17,4,29,4,54,12,8,0.296,0.23,0.526,2.10,2.15,2016
大田　泰示,巨人,0.202,62,119,114,23,4,13,0,4,0,45,0,3,0.227,0.377,0.604,2.44,2.61,2016
中村　奨吾,ロッテ,0.201,108,325,278,56,6,25,4,26,6,70,14,0,0.283,0.309,0.592,2.90,3.03,2016
岡﨑　太一,阪神,0.2,38,76,65,13,0,5,1,7,0,16,3,0,0.274,0.246,0.52,2.42,2.60,2016
福田　将儀,楽天,0.2,36,74,60,12,2,8,2,8,0,11,6,3,0.294,0.333,0.627,2.37,2.51,2016
坂本　誠志郎,阪神,0.2,28,55,45,9,1,2,0,4,0,14,6,3,0.265,0.356,0.621,2.11,2.08,2016
竹原　直隆,西武,0.2,22,31,30,6,1,6,0,1,0,4,0,1,0.226,0.333,0.559,1.97,2.10,2016
藤井　亮太,ヤクルト,0.2,12,20,20,4,0,0,0,0,0,8,0,0,0.2,0.25,0.45,1.20,1.22,2016
大嶋　匠,日本ハム,0.2,12,17,15,3,0,1,0,0,1,2,0,0,0.235,0.267,0.502,2.11,2.76,2016
北　篤,巨人,0.2,3,7,5,1,0,0,0,1,1,3,0,1,0.429,0.2,0.629,2.12,2.32,2016
中村　一生,オリックス,0.2,7,5,5,1,0,1,0,0,0,1,0,0,0.2,0.4,0.6,2.72,2.36,2016
中井　大介,巨人,0.196,43,61,51,10,0,4,0,7,1,13,1,0,0.3,0.275,0.575,3.09,3.34,2016
荒波　翔,DeNA,0.195,36,96,87,17,0,7,0,7,1,17,1,1,0.263,0.241,0.505,1.79,1.89,2016
呉　念庭,西武,0.194,43,142,124,24,0,11,1,14,2,25,0,4,0.282,0.234,0.516,2.00,2.26,2016
川端　崇義,オリックス,0.194,28,71,62,12,0,5,1,0,1,11,7,1,0.203,0.226,0.429,1.04,1.21,2016
井領　雅貴,中日,0.194,13,31,31,6,1,1,0,0,0,7,0,0,0.194,0.323,0.516,1.86,2.00,2016
駿太,オリックス,0.192,105,239,214,41,1,9,3,11,2,40,12,2,0.238,0.229,0.467,1.37,1.48,2016
淺間　大基,日本ハム,0.191,52,115,110,21,1,9,2,4,0,36,1,0,0.219,0.273,0.492,1.69,1.78,2016
横田　慎太郎,阪神,0.19,38,109,105,20,0,4,4,2,2,13,0,3,0.22,0.21,0.43,0.79,0.91,2016
重信　慎之介,巨人,0.19,25,87,79,15,0,2,5,7,0,20,1,0,0.256,0.278,0.534,2.54,2.63,2016
松井　佑介,中日,0.19,14,21,21,4,0,0,0,0,0,8,0,0,0.19,0.286,0.476,1.42,1.35,2016
原　拓也,オリックス,0.189,36,43,37,7,0,4,0,5,0,7,1,2,0.286,0.216,0.502,1.51,1.60,2016
金澤　岳,ロッテ,0.188,17,41,32,6,0,2,0,4,2,13,2,0,0.308,0.219,0.526,2.63,3.04,2016
田中　浩康,ヤクルト,0.188,31,37,32,6,0,1,0,4,1,3,0,0,0.297,0.25,0.547,2.83,2.89,2016
中村　悠平,ヤクルト,0.187,106,378,321,60,3,37,2,31,6,47,14,9,0.266,0.259,0.525,2.02,2.24,2016
ボグセビック,オリックス,0.187,60,193,171,32,3,18,3,15,7,48,0,3,0.28,0.322,0.601,2.83,2.87,2016
俊介,阪神,0.186,41,56,43,8,0,2,2,9,0,12,3,1,0.321,0.233,0.553,2.61,2.90,2016
オコエ　瑠偉,楽天,0.185,51,130,119,22,1,6,4,6,2,27,1,1,0.233,0.294,0.527,1.79,2.05,2016
三木　亮,ロッテ,0.185,75,58,54,10,0,2,0,1,0,17,3,1,0.2,0.241,0.441,0.92,0.98,2016
阿部　俊人,楽天,0.185,55,28,27,5,0,2,0,0,0,8,1,0,0.185,0.259,0.444,1.12,1.10,2016
阿部　寿樹,中日,0.184,25,53,49,9,1,4,1,2,0,10,1,2,0.212,0.265,0.477,0.96,1.31,2016
鈴木　昂平,オリックス,0.184,45,43,38,7,0,4,0,1,0,8,4,1,0.205,0.184,0.389,0.48,0.59,2016
桂　依央利,中日,0.182,59,164,143,26,3,11,0,11,2,38,7,3,0.248,0.28,0.528,1.93,2.08,2016
フェルナンド,楽天,0.182,4,11,11,2,0,0,0,0,0,3,0,1,0.182,0.273,0.455,0.10,0.05,2016
遠藤　一星,中日,0.18,27,71,61,11,0,3,1,5,2,11,3,0,0.265,0.23,0.494,1.88,1.97,2016
カニザレス,ソフトバンク,0.179,16,42,39,7,0,3,0,2,1,11,0,1,0.238,0.205,0.443,1.03,1.15,2016
外崎　修汰,西武,0.176,37,57,51,9,2,5,6,3,0,11,3,1,0.222,0.294,0.516,2.34,2.56,2016
吉川　大幾,巨人,0.176,50,56,51,9,0,1,1,3,0,14,2,0,0.222,0.176,0.399,0.53,0.73,2016
辻　東倫,巨人,0.176,15,40,34,6,0,0,0,4,2,12,0,0,0.3,0.235,0.535,2.24,2.36,2016
天谷　宗一郎,広島,0.175,55,96,80,14,1,8,3,13,2,16,0,1,0.302,0.238,0.54,2.85,3.16,2016
髙田　知季,ソフトバンク,0.175,36,77,63,11,0,2,1,10,0,15,4,0,0.288,0.206,0.494,2.02,2.16,2016
松本　哲也,巨人,0.174,52,77,69,12,0,1,2,2,1,22,5,1,0.208,0.217,0.426,1.04,1.14,2016
クラーク,オリックス,0.172,11,34,29,5,2,4,0,5,0,11,0,0,0.294,0.414,0.708,4.29,4.56,2016
ゴームズ,楽天,0.169,18,75,65,11,1,7,0,8,2,22,0,1,0.28,0.246,0.526,1.99,2.19,2016
陽川　尚将,阪神,0.167,29,77,72,12,2,4,0,4,1,22,0,0,0.221,0.25,0.471,1.53,1.80,2016
堂上　剛裕,巨人,0.167,43,53,48,8,2,6,0,4,1,11,0,2,0.245,0.333,0.579,2.11,2.31,2016
縞田　拓弥,オリックス,0.167,31,46,42,7,1,3,0,2,0,8,2,1,0.205,0.262,0.466,1.13,1.31,2016
木村　文紀,西武,0.167,28,35,30,5,0,2,1,2,0,12,3,0,0.219,0.2,0.419,1.21,1.30,2016
緒方　凌介,阪神,0.167,21,25,24,4,0,0,0,0,0,6,1,1,0.167,0.208,0.375,0.00,0.05,2016
伊志嶺　忠,楽天,0.167,27,22,18,3,0,1,0,1,0,4,2,0,0.2,0.167,0.367,0.19,0.71,2016
山崎　晃大朗,ヤクルト,0.167,7,19,18,3,0,0,1,1,0,8,0,0,0.211,0.167,0.377,0.89,1.10,2016
熊代　聖人,西武,0.167,28,9,6,1,0,0,0,1,0,2,2,0,0.286,0.167,0.452,0.22,0.44,2016
拓也,ソフトバンク,0.167,13,7,6,1,0,1,0,1,0,4,0,0,0.286,0.333,0.619,3.27,3.13,2016
香月　一也,ロッテ,0.167,2,6,6,1,0,0,0,0,0,3,0,0,0.167,0.167,0.333,-0.04,0.16,2016
市川　友也,日本ハム,0.165,71,156,133,22,1,12,1,8,3,28,10,2,0.226,0.203,0.429,1.11,1.38,2016
髙城　俊人,DeNA,0.163,47,103,92,15,0,9,0,8,1,31,2,3,0.238,0.185,0.422,0.77,0.86,2016
野本　圭,中日,0.163,48,55,49,8,0,7,0,4,0,13,0,1,0.218,0.204,0.422,0.95,1.46,2016
永江　恭平,西武,0.162,74,84,74,12,0,3,1,5,0,24,4,1,0.213,0.176,0.388,0.42,0.71,2016
吉持　亮汰,楽天,0.161,21,37,31,5,0,1,1,3,0,6,3,0,0.235,0.226,0.461,1.32,1.49,2016
磯村　嘉孝,広島,0.161,24,32,31,5,0,2,0,1,0,5,0,1,0.188,0.194,0.381,0.20,0.22,2016
川本　良平,楽天,0.158,11,23,19,3,0,2,0,1,1,4,2,0,0.238,0.211,0.449,1.43,1.52,2016
脇谷　亮太,巨人,0.157,54,115,108,17,1,7,0,6,0,18,1,4,0.202,0.231,0.433,0.68,0.82,2016
新井　良太,阪神,0.154,46,88,78,12,3,8,1,7,1,21,1,1,0.23,0.308,0.538,2.12,2.47,2016
松本　啓二朗,DeNA,0.154,11,14,13,2,0,0,0,0,1,0,0,0,0.214,0.154,0.368,0.63,0.86,2016
山崎　勝己,オリックス,0.152,43,80,66,10,0,0,0,3,0,16,11,0,0.188,0.167,0.355,0.49,0.61,2016
平沢　大河,ロッテ,0.149,23,53,47,7,0,3,0,4,0,18,2,1,0.216,0.234,0.45,1.03,1.14,2016
飛雄馬,DeNA,0.143,17,38,35,5,1,1,0,1,2,8,0,0,0.211,0.229,0.439,1.21,1.53,2016
松井　雅人,中日,0.143,4,7,7,1,0,0,0,0,0,4,0,0,0.143,0.143,0.286,-0.53,-0.32,2016
小田　裕也,オリックス,0.137,78,58,51,7,0,3,4,5,0,19,1,0,0.211,0.137,0.348,0.65,1.09,2016
梅野　隆太郎,阪神,0.135,37,98,89,12,0,4,1,6,0,22,3,4,0.189,0.135,0.324,-0.28,-0.11,2016
江村　直也,ロッテ,0.13,22,24,23,3,0,4,0,1,0,10,0,1,0.167,0.174,0.341,-0.37,-0.24,2016
寺内　崇幸,巨人,0.129,55,33,31,4,0,1,0,0,0,11,2,0,0.129,0.161,0.29,-0.34,-0.20,2016
川島　慶三,ソフトバンク,0.125,20,50,40,5,0,3,0,8,1,10,1,0,0.286,0.125,0.411,0.60,0.98,2016
三ツ俣　大樹,中日,0.125,15,19,16,2,0,0,0,1,0,4,2,0,0.176,0.125,0.301,0.02,0.22,2016
土生　翔平,広島,0.125,5,9,8,1,0,0,0,1,0,1,0,0,0.222,0.125,0.347,0.48,0.77,2016
横尾　俊建,日本ハム,0.118,10,17,17,2,0,0,0,0,0,3,0,0,0.118,0.118,0.235,-0.90,-0.67,2016
ロマック,DeNA,0.113,30,85,71,8,0,2,0,12,1,30,0,2,0.247,0.127,0.374,0.55,0.97,2016
哲朗,楽天,0.1,11,21,20,2,1,1,0,1,0,6,0,2,0.143,0.25,0.393,-0.52,-0.18,2016
武田　健吾,オリックス,0.1,10,20,20,2,0,1,0,0,0,3,0,0,0.1,0.2,0.3,-0.37,-0.30,2016
岡本　和真,巨人,0.1,3,10,10,1,0,0,0,0,0,2,0,2,0.1,0.2,0.3,-2.06,-2.09,2016
石川　慎吾,日本ハム,0.074,12,28,27,2,0,1,0,0,0,5,1,1,0.074,0.074,0.148,-1.82,-1.62,2016
森岡　良介,ヤクルト,0.065,26,33,31,2,0,3,0,1,0,8,0,2,0.091,0.097,0.188,-1.69,-1.25,2016
柳田　殖生,DeNA,0.048,23,24,21,1,0,0,0,2,0,6,1,0,0.13,0.048,0.178,-1.13,-0.81,2016
吉田　裕太,ロッテ,0.0,24,35,30,0,0,0,0,1,0,12,4,1,0.032,0.0,0.032,-2.28,-2.06,2016
斉藤　彰吾,西武,0.0,45,13,12,0,0,0,0,1,0,7,0,0,0.077,0.0,0.077,-2.14,-1.80,2016
梵　英心,広島,0.0,7,12,9,0,0,0,0,3,0,0,0,2,0.25,0.0,0.25,-1.60,-1.30,2016
肘井　竜蔵,ロッテ,0.0,8,10,9,0,0,0,0,0,1,2,0,0,0.1,0.0,0.1,-1.83,-1.47,2016
赤坂　和幸,中日,0.0,7,10,10,0,0,0,0,0,0,2,0,0,0.0,0.0,0.0,-2.74,-2.48,2016
猪本　健太郎,ソフトバンク,0.0,5,10,8,0,0,0,0,1,1,5,0,0,0.2,0.0,0.2,-0.76,-0.27,2016
小関　翔太,楽天,0.0,7,9,7,0,0,0,0,1,0,3,1,0,0.125,0.0,0.125,-1.25,-0.91,2016
奥村　展征,ヤクルト,0.0,4,8,6,0,0,0,0,2,0,2,0,1,0.25,0.0,0.25,-1.30,-0.96,2016
ガルシア,巨人,0.0,4,7,7,0,0,0,0,0,0,3,0,0,0.0,0.0,0.0,-2.79,-2.51,2016
大累　進,日本ハム,0.0,14,6,6,0,0,0,2,0,0,1,0,0,0.0,0.0,0.0,-3.31,-2.80,2016
藤村　大介,巨人,0.0,5,6,4,0,0,0,0,1,0,0,1,0,0.2,0.0,0.2,-0.22,0.11,2016
大﨑　雄太朗,西武,0.0,4,6,5,0,0,0,0,1,0,0,0,0,0.167,0.0,0.167,-1.04,-0.59,2016
石川　駿,中日,0.0,2,6,5,0,0,0,0,0,0,2,1,0,0.0,0.0,0.0,-2.14,-1.94,2016
武山　真吾,中日,0.0,15,5,4,0,0,0,0,1,0,2,0,0,0.2,0.0,0.2,-0.74,-0.27,2016
金子　圭輔,ソフトバンク,0.0,10,5,5,0,0,0,0,0,0,4,0,0,0.0,0.0,0.0,-2.87,-2.59,2016
鶴岡　一成,阪神,0.0,10,5,5,0,0,0,0,0,0,1,0,0,0.0,0.0,0.0,-2.74,-2.48,2016
宗　佑磨,オリックス,0.0,3,4,4,0,0,0,0,0,0,3,0,0,0.0,0.0,0.0,-2.86,-2.57,2016
白根　尚貴,DeNA,0.0,3,4,4,0,0,0,0,0,0,1,0,1,0.0,0.0,0.0,-4.00,-4.00,2016
清水　誉,阪神,0.0,2,4,4,0,0,0,0,0,0,3,0,0,0.0,0.0,0.0,-2.86,-2.57,2016
溝脇　隼人,中日,0.0,6,3,3,0,0,0,0,0,0,0,0,0,0.0,0.0,0.0,-2.70,-2.43,2016
西森　将司,DeNA,0.0,6,3,3,0,0,0,1,0,0,0,0,1,0.0,0.0,0.0,-3.28,-3.11,2016
杉本　裕太郎,オリックス,0.0,1,3,3,0,0,0,0,0,0,2,0,0,0.0,0.0,0.0,-2.84,-2.61,2016
伊志嶺　翔大,ロッテ,0.0,3,2,2,0,0,0,0,0,0,0,0,0,0.0,0.0,0.0,-2.70,-2.43,2016
庄司　隼人,広島,0.0,3,2,2,0,0,0,0,0,0,1,0,0,0.0,0.0,0.0,-2.81,-2.57,2016
森越　祐人,阪神,0.0,2,1,1,0,0,0,0,0,0,1,0,0,0.0,0.0,0.0,-2.92,-2.70,2016
井野　卓,ヤクルト,0.0,2,1,1,0,0,0,0,0,0,0,0,1,0.0,0.0,0.0,-5.85,-6.21,2016
廣瀬　純,広島,0.0,1,1,1,0,0,0,0,0,0,0,0,0,0.0,0.0,0.0,-2.70,-2.43,2016
塚田　正義,ソフトバンク,0.0,1,1,1,0,0,0,0,0,0,1,0,0,0.0,0.0,0.0,-2.92,-2.70,2016
加藤　匠馬,中日,0.0,1,1,1,0,0,0,0,0,0,0,0,0,0.0,0.0,0.0,-2.70,-2.43,2016
堤　裕貴,オリックス,0.0,1,1,0,0,0,0,0,0,0,0,1,0,0.0,0.0,0.0,1.12,1.08,2016
釜元　豪,ソフトバンク,0.0,1,1,1,0,0,0,0,0,0,1,0,0,0.0,0.0,0.0,-2.92,-2.70,2016
赤田　龍一郎,中日,0.0,1,1,1,0,0,0,0,0,0,0,0,0,0.0,0.0,0.0,-2.70,-2.43,2016
上本　崇司,広島,0.0,7,0,0,0,0,0,0,0,0,0,0,0,0.0,0.0,0.0,0.00,0.00,2016
加藤　健,巨人,0.0,2,0,0,0,0,0,0,0,0,0,0,0,0.0,0.0,0.0,0.00,0.00,2016
白濱　裕太,広島,0.0,1,0,0,0,0,0,0,0,0,0,0,0,0.0,0.0,0.0,0.00,0.00,2016
小宮山　慎二,阪神,0.0,1,0,0,0,0,0,0,0,0,0,0,0,0.0,0.0,0.0,0.00,0.00,2016
齋藤　俊雄,オリックス,0.0,1,0,0,0,0,0,0,0,0,0,0,0,0.0,0.0,0.0,0.00,0.00,2016
植田　海,阪神,0.0,1,0,0,0,0,0,0,0,0,0,0,0,0.0,0.0,0.0,0.00,-8.64,2016
岸里　亮佑,日本ハム,0.0,1,0,0,0,0,0,0,0,0,0,0,0,0.0,0.0,0.0,0.00,0.00,2016
石川　亮,日本ハム,0.0,1,0,0,0,0,0,0,0,0,0,0,0,0.0,0.0,0.0,0.00,0.00,2016
米野　智人,日本ハム,0.0,1,0,0,0,0,0,0,0,0,0,0,0,0.0,0.0,0.0,0.00,0.00,2016
田中　大輔,オリックス,0.0,1,0,0,0,0,0,0,0,0,0,0,0,0.0,0.0,0.0,0.00,0.00,2016
