選手名,チーム,打率,試合,打席数,打数,安打,本塁打,打点,盗塁,四球,死球,三振,犠打,併殺打,出塁率,長打率,OPS,RC27,XR27,year,年俸(万円),守備,年数,年齢,生年月日,身長,体重,血液型,投打,出身地,外国出身
長坂　拳弥,阪神,1.0,3.0,1.0,1.0,1.0,1.0,1.0,0.0,0.0,0.0,0.0,0.0,0.0,1.0,4.0,5.0,∞,∞,2019.0,750,捕手,3,25,1994/04/28,173cm,77kg,B型,右右,群馬,False
畠山　和洋,ヤクルト,1.0,1.0,1.0,1.0,1.0,0.0,0.0,0.0,0.0,0.0,0.0,0.0,0.0,1.0,1.0,2.0,∞,∞,2019.0,4000,内野手,19,37,1982/09/13,180cm,96kg,O型,右右,岩手,False
野村　大樹,ソフトバンク,0.5,2.0,2.0,2.0,1.0,0.0,0.0,0.0,0.0,0.0,0.0,0.0,0.0,0.5,0.5,1.0,12.30,11.07,2019.0,600,内野手,1,19,2000/09/10,172cm,81kg,O型,右右,兵庫,False
吉川　尚輝,巨人,0.39,11.0,46.0,41.0,16.0,0.0,3.0,1.0,3.0,0.0,4.0,2.0,1.0,0.432,0.415,0.846,5.98,5.59,2019.0,2800,内野手,3,24,1995/02/08,177cm,79kg,A型,右左,岐阜,False
川島　慶三,ソフトバンク,0.364,47.0,88.0,66.0,24.0,1.0,8.0,4.0,17.0,1.0,9.0,2.0,3.0,0.488,0.515,1.004,9.41,9.16,2019.0,7000,内野手,14,36,1983/10/05,173cm,75kg,A型,右右,長崎,False
鈴木　誠也,広島,0.335,140.0,612.0,499.0,167.0,28.0,87.0,25.0,103.0,7.0,81.0,0.0,3.0,0.453,0.565,1.018,9.68,9.29,2019.0,16000,外野手,7,25,1994/08/18,181cm,96kg,A型,右右,東京都,True
山﨑　剛,楽天,0.333,16.0,30.0,27.0,9.0,1.0,2.0,4.0,0.0,0.0,5.0,3.0,0.0,0.333,0.593,0.926,7.71,7.07,2019.0,1050,内野手,2,24,1995/12/29,173cm,74kg,AB型,右左,福岡,False
松井　佑介,オリックス,0.333,7.0,18.0,18.0,6.0,1.0,1.0,0.0,0.0,0.0,3.0,0.0,1.0,0.333,0.556,0.889,5.85,5.59,2019.0,1500,外野手,10,32,1987/07/10,185cm,87kg,O型,右右,大阪,False
松井　佑介,中日,0.219,16.0,37.0,32.0,7.0,0.0,2.0,0.0,3.0,0.0,13.0,2.0,0.0,0.286,0.281,0.567,2.73,2.69,2019.0,1500,外野手,10,32,1987/07/10,185cm,87kg,O型,右右,大阪,False
江川　智晃,ソフトバンク,0.333,11.0,17.0,15.0,5.0,0.0,0.0,0.0,1.0,1.0,3.0,0.0,0.0,0.412,0.333,0.745,6.29,6.10,2019.0,1400,外野手,15,33,1986/10/31,180cm,86kg,B型,右右,三重,False
山本　祐大,DeNA,0.333,13.0,12.0,12.0,4.0,0.0,2.0,0.0,0.0,0.0,3.0,0.0,0.0,0.333,0.333,0.667,4.46,4.25,2019.0,520,捕手,2,21,1998/09/11,180cm,82kg,A型,右右,大阪,False
細川　亨,ロッテ,0.333,31.0,8.0,6.0,2.0,0.0,1.0,0.0,0.0,0.0,1.0,2.0,0.0,0.333,0.333,0.667,3.41,3.20,2019.0,1500,捕手,18,39,1980/01/04,183cm,103kg,B型,右右,青森,False
松本　剛,日本ハム,0.333,4.0,3.0,3.0,1.0,0.0,0.0,0.0,0.0,0.0,0.0,0.0,0.0,0.333,0.333,0.667,4.55,4.32,2019.0,2100,内野手,8,26,1993/08/11,180cm,82kg,AB型,右右,埼玉,False
森　友哉,西武,0.329,135.0,573.0,492.0,162.0,23.0,105.0,3.0,72.0,2.0,89.0,1.0,9.0,0.413,0.547,0.959,8.38,8.11,2019.0,8000,捕手,6,24,1995/08/08,170cm,80kg,A型,右左,大阪,False
アルモンテ,中日,0.329,49.0,174.0,164.0,54.0,7.0,25.0,0.0,8.0,1.0,37.0,0.0,6.0,0.362,0.506,0.868,6.16,5.94,2019.0,10000,外野手,2,30,1989/06/10,183cm,98kg,不明,右両,ドミニカ共和国,True
吉田　正尚,オリックス,0.322,143.0,610.0,521.0,168.0,29.0,85.0,5.0,79.0,5.0,64.0,0.0,12.0,0.413,0.543,0.956,8.33,8.06,2019.0,8500,外野手,4,26,1993/07/15,173cm,83kg,B型,右左,福井,False
グラシアル,ソフトバンク,0.319,103.0,410.0,373.0,119.0,28.0,68.0,4.0,22.0,7.0,84.0,4.0,10.0,0.365,0.595,0.96,7.35,7.27,2019.0,15000,内野手,2,34,1985/10/14,187cm,95kg,不明,右右,キューバ,True
ビシエド,中日,0.315,143.0,594.0,534.0,168.0,18.0,93.0,2.0,41.0,13.0,88.0,0.0,22.0,0.374,0.496,0.87,6.31,6.04,2019.0,30000,内野手,4,30,1989/03/10,185cm,108kg,不明,右右,キューバ,True
荻野　貴司,ロッテ,0.315,125.0,569.0,508.0,160.0,10.0,46.0,28.0,40.0,8.0,56.0,9.0,4.0,0.371,0.47,0.842,6.58,6.30,2019.0,4500,外野手,10,34,1985/10/21,172cm,75kg,O型,右右,奈良,False
糸井　嘉男,阪神,0.314,103.0,444.0,382.0,120.0,5.0,42.0,9.0,52.0,7.0,63.0,0.0,10.0,0.403,0.416,0.819,6.32,6.06,2019.0,40000,外野手,16,38,1981/07/31,188cm,97kg,A型,右左,京都,False
坂本　勇人,巨人,0.312,143.0,639.0,555.0,173.0,40.0,94.0,5.0,77.0,2.0,123.0,3.0,9.0,0.396,0.575,0.971,8.22,8.00,2019.0,50000,内野手,13,31,1988/12/14,186cm,83kg,AB型,右右,兵庫,False
大島　洋平,中日,0.312,143.0,623.0,558.0,174.0,3.0,45.0,30.0,50.0,9.0,78.0,3.0,5.0,0.376,0.38,0.756,5.85,5.62,2019.0,18000,外野手,10,34,1985/11/09,176cm,75kg,A型,左左,愛知,False
ロメロ,オリックス,0.305,81.0,331.0,295.0,90.0,18.0,63.0,3.0,25.0,5.0,83.0,0.0,3.0,0.363,0.539,0.902,7.04,7.07,2019.0,28750,外野手,3,31,1988/10/17,188cm,100kg,不明,右右,アメリカ,True
銀次,楽天,0.304,141.0,590.0,529.0,161.0,5.0,56.0,2.0,52.0,4.0,58.0,4.0,19.0,0.37,0.382,0.752,4.87,4.66,2019.0,8500,内野手,14,31,1988/02/24,174cm,78kg,A型,右左,岩手,False
秋山　翔吾,西武,0.303,143.0,678.0,590.0,179.0,20.0,62.0,12.0,78.0,9.0,108.0,0.0,8.0,0.392,0.471,0.864,6.91,6.68,2019.0,23500,外野手,9,31,1988/04/16,184cm,85kg,A型,右左,神奈川,False
近藤　健介,日本ハム,0.302,138.0,600.0,490.0,148.0,2.0,59.0,1.0,103.0,2.0,81.0,0.0,11.0,0.422,0.4,0.822,6.64,6.44,2019.0,10000,外野手,8,26,1993/08/09,173cm,86kg,O型,右左,千葉,False
長谷川　勇也,ソフトバンク,0.302,25.0,54.0,43.0,13.0,3.0,9.0,1.0,7.0,2.0,4.0,0.0,1.0,0.407,0.605,1.012,8.89,8.99,2019.0,10000,外野手,13,35,1984/12/22,180cm,89kg,AB型,右左,山形,False
西川　龍馬,広島,0.297,138.0,585.0,535.0,159.0,16.0,64.0,6.0,32.0,2.0,81.0,11.0,9.0,0.336,0.441,0.777,5.10,5.01,2019.0,3100,内野手,4,25,1994/12/10,176cm,72kg,O型,右左,大阪,False
青木　宣親,ヤクルト,0.297,134.0,565.0,489.0,145.0,16.0,58.0,1.0,61.0,11.0,72.0,1.0,13.0,0.385,0.442,0.826,6.17,6.06,2019.0,33000,外野手,10,37,1982/01/05,175cm,80kg,A型,右左,宮崎,False
阿部　慎之助,巨人,0.297,95.0,192.0,158.0,47.0,7.0,27.0,0.0,28.0,4.0,23.0,0.0,1.0,0.411,0.481,0.892,7.86,7.75,2019.0,16000,捕手,19,40,1979/03/20,180cm,97kg,A型,右左,千葉,False
佐野　恵太,DeNA,0.295,89.0,215.0,200.0,59.0,5.0,33.0,0.0,13.0,2.0,39.0,0.0,9.0,0.344,0.42,0.764,4.72,4.51,2019.0,1200,内野手,3,25,1994/11/28,178cm,84kg,A型,右左,岡山,False
高橋　周平,中日,0.293,117.0,471.0,430.0,126.0,7.0,59.0,3.0,32.0,3.0,70.0,5.0,10.0,0.345,0.43,0.776,5.11,4.83,2019.0,3500,内野手,8,25,1994/01/18,180cm,85kg,O型,右左,神奈川,False
丸　佳浩,巨人,0.292,143.0,631.0,535.0,156.0,27.0,89.0,12.0,86.0,3.0,125.0,0.0,15.0,0.388,0.495,0.884,6.82,6.79,2019.0,45000,外野手,12,30,1989/04/11,177cm,90kg,AB型,右左,千葉,False
阿部　寿樹,中日,0.291,129.0,484.0,447.0,130.0,7.0,59.0,1.0,31.0,1.0,82.0,3.0,9.0,0.337,0.405,0.742,4.89,4.70,2019.0,950,内野手,4,30,1989/12/03,185cm,80kg,B型,右右,岩手,False
井領　雅貴,中日,0.29,55.0,103.0,100.0,29.0,0.0,9.0,0.0,3.0,0.0,21.0,0.0,0.0,0.311,0.4,0.711,4.74,4.37,2019.0,720,外野手,5,30,1989/11/04,174cm,82kg,O型,右左,千葉,False
大田　泰示,日本ハム,0.289,132.0,594.0,557.0,161.0,20.0,77.0,6.0,27.0,5.0,111.0,0.0,22.0,0.325,0.451,0.776,4.78,4.71,2019.0,6500,外野手,11,29,1990/06/09,188cm,94kg,O型,右右,広島,False
柳田　悠岐,ソフトバンク,0.289,38.0,157.0,128.0,37.0,7.0,23.0,4.0,28.0,1.0,28.0,0.0,4.0,0.42,0.516,0.936,7.86,7.63,2019.0,57000,外野手,9,31,1988/10/09,187cm,91kg,AB型,右左,広島,False
中山　翔太,ヤクルト,0.289,35.0,100.0,97.0,28.0,5.0,14.0,0.0,3.0,0.0,25.0,0.0,2.0,0.31,0.485,0.795,5.22,5.11,2019.0,1300,外野手,1,23,1996/09/22,185cm,95kg,A型,右右,大阪,False
西川　遥輝,日本ハム,0.288,142.0,651.0,548.0,158.0,5.0,41.0,19.0,93.0,2.0,111.0,8.0,5.0,0.393,0.385,0.779,6.13,5.90,2019.0,20000,外野手,9,27,1992/04/16,180cm,80kg,A型,右左,和歌山,False
鈴木　大地,ロッテ,0.288,140.0,614.0,527.0,152.0,15.0,68.0,3.0,56.0,16.0,75.0,13.0,11.0,0.373,0.454,0.826,6.06,5.86,2019.0,10000,内野手,8,30,1989/08/18,175cm,79kg,O型,右左,静岡,False
中川　圭太,オリックス,0.288,111.0,396.0,364.0,105.0,3.0,32.0,9.0,25.0,1.0,62.0,4.0,6.0,0.334,0.382,0.716,4.53,4.37,2019.0,700,内野手,1,23,1996/04/12,180cm,76kg,B型,右右,大阪,False
伊藤　裕季也,DeNA,0.288,21.0,57.0,52.0,15.0,4.0,7.0,0.0,3.0,1.0,17.0,0.0,1.0,0.333,0.596,0.929,6.91,6.94,2019.0,1150,内野手,1,23,1996/08/30,182cm,96kg,O型,右右,三重,False
島内　宏明,楽天,0.287,133.0,585.0,506.0,145.0,10.0,57.0,3.0,58.0,11.0,65.0,9.0,11.0,0.372,0.407,0.779,5.43,5.29,2019.0,7800,外野手,8,29,1990/02/02,180cm,75kg,B型,左左,石川,False
福田　永将,中日,0.287,105.0,352.0,310.0,89.0,18.0,66.0,0.0,32.0,5.0,69.0,0.0,7.0,0.358,0.519,0.877,6.48,6.47,2019.0,4700,内野手,13,31,1988/07/23,181cm,88kg,O型,右右,神奈川,False
中村　剛也,西武,0.286,135.0,557.0,496.0,142.0,30.0,123.0,2.0,54.0,4.0,123.0,0.0,12.0,0.359,0.528,0.887,6.61,6.49,2019.0,28000,内野手,18,36,1983/08/15,175cm,102kg,O型,右右,大阪,False
三家　和真,ロッテ,0.286,25.0,22.0,21.0,6.0,1.0,5.0,0.0,1.0,0.0,8.0,0.0,0.0,0.318,0.571,0.89,6.77,6.53,2019.0,520,外野手,5,26,1993/08/13,180cm,80kg,B型,右両,和歌山,False
立岡　宗一郎,巨人,0.286,25.0,16.0,14.0,4.0,0.0,1.0,3.0,2.0,0.0,4.0,0.0,0.0,0.375,0.429,0.804,8.01,7.37,2019.0,2600,外野手,11,29,1990/05/18,181cm,82kg,A型,右左,熊本,False
髙濱　卓也,ロッテ,0.286,8.0,7.0,7.0,2.0,0.0,3.0,0.0,0.0,0.0,3.0,0.0,0.0,0.286,0.571,0.857,6.12,5.24,2019.0,1100,内野手,12,30,1989/07/06,184cm,84kg,A型,右左,佐賀,False
亀井　善行,巨人,0.284,131.0,503.0,450.0,128.0,13.0,55.0,9.0,45.0,0.0,91.0,3.0,6.0,0.346,0.44,0.786,5.68,5.58,2019.0,7000,外野手,15,37,1982/07/28,178cm,82kg,AB型,右左,奈良,False
宮﨑　敏郎,DeNA,0.284,114.0,473.0,433.0,123.0,15.0,49.0,0.0,32.0,3.0,35.0,0.0,13.0,0.334,0.443,0.777,5.10,5.07,2019.0,16000,内野手,7,31,1988/12/12,172cm,85kg,B型,右右,佐賀,False
マルテ,阪神,0.284,105.0,412.0,349.0,99.0,12.0,49.0,0.0,51.0,7.0,73.0,0.0,14.0,0.381,0.444,0.825,5.75,5.75,2019.0,11000,内野手,1,28,1991/06/21,185cm,99kg,不明,右右,ドミニカ共和国,True
茂木　栄五郎,楽天,0.282,141.0,648.0,568.0,160.0,13.0,55.0,7.0,66.0,3.0,121.0,9.0,7.0,0.358,0.421,0.779,5.49,5.35,2019.0,5100,内野手,4,25,1994/02/14,171cm,75kg,O型,右左,東京都,True
バレンティン,ヤクルト,0.28,120.0,468.0,410.0,115.0,33.0,93.0,0.0,54.0,1.0,117.0,0.0,11.0,0.363,0.554,0.917,6.85,6.88,2019.0,44000,外野手,9,35,1984/07/02,185cm,100kg,不明,右右,アンティル,True
神里　和毅,DeNA,0.279,123.0,458.0,427.0,119.0,6.0,35.0,15.0,26.0,2.0,121.0,3.0,7.0,0.323,0.407,0.731,4.43,4.22,2019.0,2500,外野手,2,25,1994/01/17,179cm,81kg,A型,右左,沖縄,False
髙橋　大樹,広島,0.279,27.0,48.0,43.0,12.0,1.0,3.0,0.0,4.0,0.0,11.0,1.0,0.0,0.34,0.419,0.759,4.91,4.83,2019.0,650,外野手,7,25,1994/05/11,181cm,86kg,O型,右右,大阪,False
平田　良介,中日,0.278,95.0,407.0,360.0,100.0,8.0,32.0,3.0,38.0,4.0,53.0,1.0,8.0,0.35,0.425,0.775,5.06,5.01,2019.0,18000,外野手,14,31,1988/03/23,177cm,87kg,B型,右右,大阪,False
磯村　嘉孝,広島,0.278,65.0,117.0,108.0,30.0,4.0,21.0,0.0,5.0,0.0,24.0,3.0,3.0,0.307,0.472,0.779,4.56,4.49,2019.0,1100,捕手,9,27,1992/11/01,178cm,89kg,A型,右右,愛知,False
コラス,ソフトバンク,0.278,7.0,21.0,18.0,5.0,1.0,2.0,0.0,1.0,2.0,6.0,0.0,0.0,0.381,0.444,0.825,6.70,6.73,2019.0,1000,外野手,3,21,1998/09/17,186cm,95kg,不明,左左,キューバ,True
會澤　翼,広島,0.277,126.0,447.0,376.0,104.0,12.0,63.0,2.0,58.0,10.0,81.0,3.0,6.0,0.387,0.439,0.826,6.38,6.17,2019.0,9200,捕手,13,31,1988/04/13,177cm,91kg,B型,右右,茨城,False
安達　了一,オリックス,0.277,56.0,179.0,155.0,43.0,2.0,20.0,10.0,18.0,1.0,29.0,4.0,5.0,0.354,0.368,0.722,4.69,4.62,2019.0,9000,内野手,8,31,1988/01/07,179cm,78kg,O型,右右,群馬,False
原口　文仁,阪神,0.276,43.0,94.0,87.0,24.0,1.0,11.0,0.0,4.0,1.0,23.0,0.0,3.0,0.309,0.356,0.665,3.57,3.69,2019.0,3000,捕手,10,27,1992/03/03,182cm,92kg,AB型,右右,埼玉,False
今江　年晶,楽天,0.276,26.0,79.0,76.0,21.0,1.0,7.0,0.0,3.0,0.0,16.0,0.0,6.0,0.304,0.342,0.646,2.36,2.30,2019.0,5000,内野手,18,36,1983/08/26,180cm,89kg,B型,右右,京都,False
外崎　修汰,西武,0.274,143.0,621.0,533.0,146.0,26.0,90.0,22.0,63.0,5.0,132.0,14.0,9.0,0.353,0.493,0.846,6.10,6.10,2019.0,7000,内野手,5,27,1992/12/20,177cm,78kg,O型,右右,青森,False
源田　壮亮,西武,0.274,135.0,609.0,540.0,148.0,2.0,41.0,30.0,40.0,1.0,67.0,25.0,9.0,0.324,0.35,0.674,4.01,3.92,2019.0,8000,内野手,3,26,1993/02/16,179cm,75kg,O型,右左,大分,False
陽　岱鋼,巨人,0.274,110.0,231.0,208.0,57.0,4.0,21.0,0.0,22.0,1.0,66.0,0.0,9.0,0.346,0.38,0.726,4.22,4.13,2019.0,30000,外野手,14,32,1987/01/17,183cm,89kg,A型,右右,台湾,True
山崎　晃大朗,ヤクルト,0.274,80.0,185.0,168.0,46.0,0.0,8.0,4.0,10.0,1.0,39.0,6.0,4.0,0.318,0.333,0.652,3.70,3.57,2019.0,1100,外野手,4,26,1993/08/11,173cm,68kg,O型,左左,和歌山,False
雄平,ヤクルト,0.273,131.0,493.0,447.0,122.0,12.0,56.0,4.0,37.0,2.0,71.0,1.0,4.0,0.327,0.396,0.723,4.75,4.79,2019.0,10000,外野手,17,35,1984/06/25,174cm,83kg,A型,左左,神奈川,False
筒香　嘉智,DeNA,0.272,131.0,557.0,464.0,126.0,29.0,79.0,0.0,88.0,2.0,141.0,0.0,5.0,0.388,0.511,0.899,7.35,7.29,2019.0,40000,外野手,10,28,1991/11/26,185cm,97kg,A型,右左,和歌山,False
山田　哲人,ヤクルト,0.271,142.0,641.0,520.0,141.0,35.0,98.0,33.0,110.0,6.0,121.0,0.0,14.0,0.401,0.56,0.961,8.15,8.02,2019.0,43000,内野手,9,27,1992/07/16,180cm,76kg,O型,右右,兵庫,False
近本　光司,阪神,0.271,142.0,640.0,586.0,159.0,9.0,42.0,36.0,31.0,6.0,110.0,14.0,2.0,0.313,0.375,0.689,4.25,4.21,2019.0,1500,外野手,1,25,1994/11/09,170cm,72kg,B型,左左,兵庫,False
宗　佑磨,オリックス,0.27,54.0,177.0,148.0,40.0,2.0,14.0,7.0,13.0,11.0,30.0,4.0,4.0,0.37,0.365,0.735,4.82,4.79,2019.0,1800,外野手,5,23,1996/06/07,181cm,78kg,B型,右左,東京都,True
遠藤　一星,中日,0.27,108.0,120.0,111.0,30.0,2.0,11.0,4.0,5.0,2.0,28.0,2.0,1.0,0.314,0.396,0.71,4.01,3.95,2019.0,900,外野手,5,30,1989/03/23,182cm,83kg,O型,右左,東京都,True
ソト,DeNA,0.269,141.0,584.0,516.0,139.0,43.0,108.0,0.0,59.0,5.0,98.0,0.0,14.0,0.348,0.554,0.902,6.56,6.62,2019.0,9500,内野手,2,30,1989/02/28,185cm,97kg,不明,右右,プエルトリコ,True
中村　悠平,ヤクルト,0.269,126.0,450.0,372.0,100.0,5.0,36.0,1.0,53.0,10.0,64.0,13.0,11.0,0.373,0.384,0.757,4.89,4.77,2019.0,9000,捕手,11,29,1990/06/17,176cm,83kg,A型,右右,福井,False
バティスタ,広島,0.269,103.0,423.0,372.0,100.0,26.0,64.0,0.0,45.0,3.0,108.0,0.0,6.0,0.35,0.513,0.863,6.38,6.45,2019.0,4000,外野手,4,27,1992/01/18,189cm,113kg,不明,右右,ドミニカ共和国,True
髙山　俊,阪神,0.269,105.0,300.0,271.0,73.0,5.0,29.0,9.0,24.0,3.0,56.0,2.0,3.0,0.336,0.369,0.705,4.61,4.46,2019.0,3200,外野手,4,26,1993/04/18,181cm,88kg,O型,右左,千葉,False
糸原　健斗,阪神,0.267,143.0,572.0,491.0,131.0,2.0,45.0,6.0,60.0,7.0,70.0,11.0,7.0,0.353,0.336,0.689,4.39,4.34,2019.0,4000,内野手,3,27,1992/11/11,175cm,77kg,O型,右左,島根,False
熊代　聖人,西武,0.267,33.0,17.0,15.0,4.0,0.0,0.0,2.0,1.0,0.0,5.0,1.0,0.0,0.313,0.333,0.646,3.45,3.34,2019.0,1000,外野手,9,30,1989/04/18,175cm,75kg,O型,右右,愛媛,False
梅野　隆太郎,阪神,0.266,129.0,492.0,433.0,115.0,9.0,59.0,14.0,34.0,6.0,83.0,16.0,16.0,0.326,0.393,0.718,4.15,4.08,2019.0,5000,捕手,6,28,1991/06/17,173cm,77kg,A型,右右,福岡,False
重信　慎之介,巨人,0.266,106.0,174.0,158.0,42.0,2.0,16.0,14.0,11.0,0.0,43.0,2.0,1.0,0.308,0.373,0.682,4.42,4.48,2019.0,2500,外野手,4,26,1993/04/17,173cm,74kg,A型,右左,千葉,False
岡本　和真,巨人,0.265,143.0,628.0,555.0,147.0,31.0,94.0,3.0,62.0,6.0,132.0,2.0,15.0,0.343,0.485,0.828,5.72,5.69,2019.0,8000,内野手,5,23,1996/06/30,185cm,96kg,A型,右右,奈良,False
大城　卓三,巨人,0.265,109.0,329.0,294.0,78.0,6.0,30.0,0.0,25.0,4.0,80.0,5.0,7.0,0.33,0.388,0.718,4.32,4.24,2019.0,2000,捕手,2,26,1993/02/11,187cm,90kg,B型,右左,沖縄,False
西村　凌,オリックス,0.265,19.0,53.0,49.0,13.0,2.0,4.0,2.0,2.0,0.0,10.0,2.0,1.0,0.294,0.449,0.743,4.59,4.48,2019.0,1350,外野手,2,23,1996/02/21,178cm,84kg,O型,右右,滋賀,False
藤岡　裕大,ロッテ,0.264,81.0,278.0,250.0,66.0,2.0,21.0,3.0,16.0,0.0,33.0,10.0,4.0,0.306,0.352,0.658,3.69,3.63,2019.0,3500,内野手,2,26,1993/08/08,178cm,77kg,O型,右左,岡山,False
浅村　栄斗,楽天,0.263,143.0,635.0,529.0,139.0,33.0,92.0,1.0,93.0,4.0,162.0,0.0,12.0,0.372,0.507,0.878,6.60,6.67,2019.0,50000,内野手,11,29,1990/11/12,182cm,90kg,O型,右右,大阪,False
田代　将太郎,ヤクルト,0.263,51.0,21.0,19.0,5.0,0.0,7.0,1.0,0.0,1.0,6.0,0.0,0.0,0.286,0.526,0.812,4.83,5.16,2019.0,900,外野手,8,30,1989/12/13,178cm,74kg,A型,左左,北海道,False
渡邉　諒,日本ハム,0.262,132.0,543.0,481.0,126.0,11.0,58.0,0.0,48.0,6.0,120.0,3.0,8.0,0.333,0.385,0.718,4.53,4.59,2019.0,1400,内野手,6,24,1995/04/30,178cm,80kg,B型,右右,茨城,False
木浪　聖也,阪神,0.262,113.0,390.0,363.0,95.0,4.0,32.0,2.0,18.0,3.0,77.0,6.0,8.0,0.302,0.355,0.657,3.60,3.44,2019.0,1000,内野手,1,25,1994/06/15,178cm,80kg,O型,右左,青森,False
大城　滉二,オリックス,0.262,91.0,345.0,302.0,79.0,3.0,28.0,11.0,25.0,6.0,56.0,11.0,4.0,0.329,0.364,0.694,3.92,3.85,2019.0,3800,内野手,4,26,1993/06/14,175cm,78kg,B型,右右,沖縄,False
炭谷　銀仁朗,巨人,0.262,58.0,138.0,126.0,33.0,6.0,26.0,0.0,7.0,2.0,28.0,2.0,4.0,0.309,0.437,0.745,4.36,4.42,2019.0,15000,捕手,14,32,1987/07/19,181cm,95kg,O型,右右,京都,False
岡田　雅利,西武,0.262,36.0,78.0,61.0,16.0,1.0,7.0,0.0,9.0,2.0,12.0,6.0,1.0,0.375,0.393,0.768,5.13,4.98,2019.0,2870,捕手,6,30,1989/06/30,173cm,80kg,B型,右右,奈良,False
菊池　涼介,広島,0.261,138.0,619.0,547.0,143.0,13.0,48.0,14.0,41.0,1.0,102.0,28.0,5.0,0.313,0.406,0.719,4.40,4.30,2019.0,24000,内野手,8,29,1990/03/11,171cm,72kg,A型,右右,東京都,True
ブラッシュ,楽天,0.261,128.0,527.0,426.0,111.0,33.0,95.0,2.0,81.0,17.0,157.0,0.0,7.0,0.397,0.54,0.936,7.57,7.60,2019.0,12000,外野手,1,30,1989/07/04,196cm,106kg,不明,右右,アメリカ,True
松田　宣浩,ソフトバンク,0.26,143.0,576.0,534.0,139.0,30.0,76.0,5.0,33.0,3.0,115.0,2.0,14.0,0.305,0.483,0.788,4.87,4.91,2019.0,40000,内野手,14,36,1983/05/17,180cm,86kg,B型,右右,滋賀,False
甲斐　拓也,ソフトバンク,0.26,137.0,454.0,377.0,98.0,11.0,43.0,9.0,50.0,1.0,114.0,23.0,9.0,0.346,0.387,0.733,4.46,4.50,2019.0,6500,捕手,9,27,1992/11/05,170cm,85kg,O型,右右,大分,False
デスパイネ,ソフトバンク,0.259,130.0,519.0,448.0,116.0,36.0,88.0,0.0,63.0,5.0,119.0,0.0,6.0,0.355,0.52,0.875,6.54,6.68,2019.0,40000,外野手,6,33,1986/06/17,175cm,95kg,不明,右右,キューバ,True
松山　竜平,広島,0.259,110.0,327.0,294.0,76.0,6.0,49.0,0.0,29.0,2.0,42.0,0.0,7.0,0.327,0.374,0.701,4.29,4.27,2019.0,10000,外野手,12,34,1985/09/18,176cm,96kg,B型,右左,鹿児島,False
清水　優心,日本ハム,0.259,98.0,246.0,216.0,56.0,5.0,24.0,0.0,19.0,1.0,51.0,9.0,6.0,0.321,0.366,0.686,3.75,3.76,2019.0,2000,捕手,5,23,1996/05/22,185cm,88kg,A型,右右,山口,False
福田　秀平,ソフトバンク,0.259,80.0,183.0,166.0,43.0,9.0,26.0,9.0,11.0,0.0,48.0,4.0,1.0,0.302,0.47,0.772,5.00,5.10,2019.0,3600,外野手,13,30,1989/02/10,182cm,77kg,AB型,右左,神奈川,False
メヒア,広島,0.259,56.0,173.0,162.0,42.0,7.0,17.0,0.0,11.0,0.0,46.0,0.0,2.0,0.306,0.426,0.732,4.60,4.53,2019.0,1300,内野手,4,26,1993/03/10,192cm,98kg,不明,右右,ドミニカ共和国,True
メヒア,広島,0.259,56.0,173.0,162.0,42.0,7.0,17.0,0.0,11.0,0.0,46.0,0.0,2.0,0.306,0.426,0.732,4.60,4.53,2019.0,50000,内野手,6,34,1985/12/02,198cm,118kg,不明,右右,ベネズエラ,True
メヒア,西武,0.211,75.0,147.0,128.0,27.0,6.0,31.0,0.0,15.0,0.0,46.0,0.0,2.0,0.286,0.422,0.708,4.05,4.42,2019.0,1300,内野手,4,26,1993/03/10,192cm,98kg,不明,右右,ドミニカ共和国,True
メヒア,西武,0.211,75.0,147.0,128.0,27.0,6.0,31.0,0.0,15.0,0.0,46.0,0.0,2.0,0.286,0.422,0.708,4.05,4.42,2019.0,50000,内野手,6,34,1985/12/02,198cm,118kg,不明,右右,ベネズエラ,True
大山　悠輔,阪神,0.258,143.0,587.0,538.0,139.0,14.0,76.0,3.0,39.0,5.0,98.0,1.0,12.0,0.312,0.401,0.714,4.34,4.29,2019.0,3000,内野手,3,25,1994/12/19,181cm,85kg,O型,右右,茨城,False
角中　勝也,ロッテ,0.258,108.0,435.0,368.0,95.0,8.0,48.0,2.0,55.0,5.0,63.0,3.0,10.0,0.359,0.375,0.734,4.78,4.81,2019.0,13100,外野手,13,32,1987/05/25,180cm,85kg,A型,右左,石川,False
藤田　一也,楽天,0.258,61.0,136.0,124.0,32.0,2.0,10.0,1.0,7.0,1.0,16.0,4.0,1.0,0.303,0.339,0.642,3.69,3.60,2019.0,6600,内野手,15,37,1982/07/03,175cm,75kg,O型,右左,徳島,False
石川　慎吾,巨人,0.257,55.0,76.0,70.0,18.0,4.0,10.0,0.0,6.0,0.0,14.0,0.0,2.0,0.316,0.457,0.773,4.82,4.81,2019.0,2100,外野手,8,26,1993/04/27,178cm,80kg,O型,右右,大阪,False
山川　穂高,西武,0.256,143.0,626.0,524.0,134.0,43.0,120.0,1.0,86.0,13.0,142.0,0.0,13.0,0.372,0.54,0.912,6.95,6.98,2019.0,11000,内野手,6,28,1991/11/23,176cm,108kg,A型,右右,沖縄,False
内川　聖一,ソフトバンク,0.256,137.0,535.0,500.0,128.0,12.0,41.0,3.0,28.0,2.0,49.0,1.0,16.0,0.296,0.37,0.666,3.56,3.57,2019.0,40000,内野手,19,37,1982/08/04,185cm,92kg,B型,右右,大分,False
今宮　健太,ソフトバンク,0.256,106.0,426.0,383.0,98.0,14.0,41.0,4.0,32.0,3.0,67.0,7.0,3.0,0.317,0.405,0.722,4.45,4.45,2019.0,26000,内野手,10,28,1991/07/15,172cm,76kg,O型,右右,大分,False
福留　孝介,阪神,0.256,104.0,403.0,348.0,89.0,10.0,47.0,0.0,49.0,1.0,85.0,2.0,5.0,0.347,0.394,0.74,5.01,5.04,2019.0,15000,外野手,16,42,1977/04/26,182cm,88kg,B型,右左,鹿児島,False
柴田　竜拓,DeNA,0.256,111.0,196.0,164.0,42.0,3.0,17.0,3.0,20.0,0.0,38.0,10.0,3.0,0.333,0.372,0.705,4.35,4.36,2019.0,3500,内野手,4,26,1993/12/16,167cm,68kg,O型,右左,岡山,False
王　柏融,日本ハム,0.255,88.0,340.0,306.0,78.0,3.0,35.0,1.0,25.0,6.0,65.0,0.0,6.0,0.321,0.327,0.647,3.74,3.78,2019.0,9000,外野手,1,26,1993/09/09,182cm,85kg,不明,右左,台湾,True
田中　賢介,日本ハム,0.255,89.0,170.0,153.0,39.0,1.0,16.0,0.0,14.0,0.0,17.0,2.0,3.0,0.315,0.34,0.655,3.75,3.70,2019.0,6500,内野手,18,38,1981/05/20,176cm,80kg,O型,右左,福岡,False
伊藤　光,DeNA,0.254,84.0,301.0,256.0,65.0,8.0,27.0,5.0,37.0,3.0,45.0,3.0,4.0,0.352,0.379,0.731,4.70,4.74,2019.0,5500,捕手,12,30,1989/04/23,180cm,83kg,B型,右右,愛知,False
安部　友裕,広島,0.254,114.0,295.0,264.0,67.0,8.0,28.0,5.0,23.0,1.0,60.0,6.0,9.0,0.315,0.39,0.705,3.91,3.91,2019.0,4100,内野手,12,30,1989/06/24,181cm,81kg,O型,右左,福岡,False
清田　育宏,ロッテ,0.253,117.0,377.0,336.0,85.0,10.0,57.0,1.0,35.0,2.0,77.0,2.0,6.0,0.325,0.378,0.703,4.20,4.28,2019.0,4400,外野手,10,33,1986/02/11,180cm,85kg,A型,右右,千葉,False
井上　晴哉,ロッテ,0.252,129.0,509.0,429.0,108.0,24.0,65.0,0.0,67.0,9.0,98.0,0.0,10.0,0.362,0.462,0.824,5.91,5.99,2019.0,5000,内野手,6,30,1989/07/03,180cm,114kg,A型,右右,広島,False
栗山　巧,西武,0.252,123.0,466.0,409.0,103.0,7.0,54.0,0.0,48.0,3.0,100.0,3.0,13.0,0.333,0.355,0.687,3.99,3.98,2019.0,13700,外野手,18,36,1983/09/03,177cm,85kg,O型,右左,兵庫,False
和田　恋,楽天,0.252,31.0,113.0,107.0,27.0,2.0,11.0,0.0,3.0,1.0,32.0,1.0,4.0,0.277,0.364,0.641,2.97,3.02,2019.0,800,外野手,6,24,1995/09/26,180cm,93kg,O型,右右,高知,False
金子　侑司,西武,0.251,133.0,524.0,463.0,116.0,3.0,33.0,41.0,49.0,3.0,81.0,6.0,3.0,0.324,0.292,0.616,3.83,3.90,2019.0,5700,外野手,7,29,1990/04/24,179cm,76kg,B型,右両,京都,False
太田　賢吾,ヤクルト,0.251,90.0,337.0,303.0,76.0,3.0,27.0,0.0,23.0,2.0,78.0,8.0,5.0,0.307,0.33,0.637,3.45,3.42,2019.0,920,内野手,5,22,1997/01/19,186cm,85kg,A型,右左,埼玉,False
福田　周平,オリックス,0.25,135.0,583.0,492.0,123.0,2.0,38.0,30.0,62.0,8.0,57.0,19.0,7.0,0.342,0.309,0.651,3.85,3.87,2019.0,2800,内野手,2,27,1992/08/08,167cm,69kg,A型,右左,大阪,False
長野　久義,広島,0.25,72.0,197.0,180.0,45.0,5.0,20.0,0.0,15.0,1.0,40.0,0.0,11.0,0.31,0.383,0.693,3.19,3.21,2019.0,22000,外野手,10,35,1984/12/06,180cm,85kg,O型,右右,佐賀,False
荒木　貴裕,ヤクルト,0.25,93.0,140.0,124.0,31.0,2.0,22.0,1.0,13.0,2.0,29.0,0.0,1.0,0.329,0.347,0.675,4.34,4.35,2019.0,2300,内野手,10,32,1987/07/26,180cm,84kg,AB型,右右,富山,False
下水流　昂,楽天,0.25,50.0,101.0,88.0,22.0,2.0,6.0,0.0,10.0,1.0,28.0,2.0,1.0,0.333,0.341,0.674,3.93,3.97,2019.0,1500,外野手,7,31,1988/04/23,178cm,88kg,A型,右右,神奈川,False
下水流　昂,広島,0.0,2.0,4.0,4.0,0.0,0.0,0.0,0.0,0.0,0.0,2.0,0.0,1.0,0.0,0.0,0.0,-4.04,-4.05,2019.0,1500,外野手,7,31,1988/04/23,178cm,88kg,A型,右右,神奈川,False
桂　依央利,中日,0.25,4.0,9.0,8.0,2.0,0.0,0.0,0.0,0.0,0.0,2.0,1.0,0.0,0.25,0.25,0.5,1.88,1.85,2019.0,900,捕手,6,28,1991/07/09,185cm,90kg,B型,右右,大阪,False
島田　海吏,阪神,0.25,7.0,5.0,4.0,1.0,0.0,0.0,0.0,1.0,0.0,1.0,0.0,0.0,0.4,0.5,0.9,7.74,7.02,2019.0,850,外野手,2,23,1996/02/06,176cm,68kg,AB型,右左,熊本,False
三好　匠,楽天,0.25,17.0,4.0,4.0,1.0,0.0,1.0,1.0,0.0,0.0,1.0,0.0,0.0,0.25,0.25,0.5,3.67,3.60,2019.0,1050,内野手,8,26,1993/06/07,174cm,75kg,A型,右右,福岡,False
三好　匠,広島,0.182,43.0,92.0,77.0,14.0,2.0,7.0,1.0,9.0,0.0,28.0,6.0,1.0,0.267,0.273,0.54,2.26,2.37,2019.0,1050,内野手,8,26,1993/06/07,174cm,75kg,A型,右右,福岡,False
宇佐見　真吾,巨人,0.25,3.0,4.0,4.0,1.0,0.0,0.0,0.0,0.0,0.0,0.0,0.0,0.0,0.25,0.25,0.5,2.05,2.07,2019.0,1600,捕手,4,26,1993/06/04,181cm,90kg,O型,右左,千葉,False
宇佐見　真吾,日本ハム,0.198,45.0,103.0,96.0,19.0,0.0,9.0,0.0,6.0,0.0,19.0,1.0,4.0,0.245,0.229,0.474,1.15,1.21,2019.0,1600,捕手,4,26,1993/06/04,181cm,90kg,O型,右左,千葉,False
郡　拓也,日本ハム,0.25,2.0,4.0,4.0,1.0,0.0,0.0,0.0,0.0,0.0,2.0,0.0,0.0,0.25,0.25,0.5,1.89,1.89,2019.0,490,捕手,3,21,1998/04/25,178cm,81kg,B型,右右,東京都,True
京田　陽太,中日,0.249,140.0,574.0,507.0,126.0,3.0,40.0,17.0,37.0,3.0,91.0,24.0,10.0,0.302,0.314,0.615,3.11,3.12,2019.0,4500,内野手,3,25,1994/04/20,184cm,83kg,O型,右左,石川,False
レアード,ロッテ,0.248,139.0,553.0,487.0,121.0,32.0,89.0,0.0,55.0,8.0,128.0,0.0,18.0,0.333,0.483,0.815,5.22,5.32,2019.0,11880,内野手,5,32,1987/09/11,185cm,98kg,不明,右右,アメリカ,True
野間　峻祥,広島,0.248,123.0,353.0,314.0,78.0,2.0,16.0,14.0,27.0,5.0,56.0,6.0,5.0,0.317,0.331,0.648,3.88,3.82,2019.0,3400,外野手,5,26,1993/01/28,180cm,83kg,B型,右左,兵庫,False
明石　健志,ソフトバンク,0.248,99.0,315.0,282.0,70.0,5.0,21.0,6.0,26.0,1.0,66.0,5.0,6.0,0.313,0.365,0.678,3.88,3.85,2019.0,10000,内野手,16,33,1986/01/09,175cm,66kg,B型,右左,北海道,False
中井　大介,DeNA,0.248,79.0,183.0,161.0,40.0,3.0,7.0,2.0,18.0,0.0,34.0,3.0,9.0,0.322,0.329,0.651,3.09,3.17,2019.0,1200,内野手,12,30,1989/11/27,183cm,88kg,B型,右右,三重,False
北條　史也,阪神,0.247,82.0,211.0,174.0,43.0,5.0,20.0,2.0,23.0,1.0,40.0,13.0,3.0,0.338,0.374,0.712,4.36,4.33,2019.0,2600,内野手,7,25,1994/07/29,177cm,79kg,O型,右右,大阪,False
小窪　哲也,広島,0.246,51.0,125.0,114.0,28.0,1.0,5.0,0.0,10.0,0.0,19.0,1.0,3.0,0.306,0.298,0.605,3.02,2.96,2019.0,3100,内野手,12,34,1985/04/12,175cm,83kg,O型,右右,奈良,False
乙坂　智,DeNA,0.245,97.0,179.0,159.0,39.0,2.0,17.0,6.0,14.0,2.0,33.0,3.0,3.0,0.313,0.358,0.671,3.75,3.72,2019.0,2400,外野手,8,25,1994/01/06,182cm,83kg,O型,右左,神奈川,False
中村　晃,ソフトバンク,0.245,44.0,159.0,139.0,34.0,3.0,11.0,0.0,15.0,1.0,13.0,3.0,0.0,0.321,0.345,0.666,4.22,4.31,2019.0,24000,外野手,12,30,1989/11/05,176cm,85kg,O型,左左,埼玉,False
モヤ,オリックス,0.244,64.0,255.0,242.0,59.0,10.0,35.0,0.0,10.0,2.0,59.0,0.0,7.0,0.278,0.397,0.675,3.49,3.58,2019.0,5000,外野手,2,28,1991/08/09,201cm,117kg,不明,右両,プエルトリコ,True
モヤ,中日,0.227,7.0,22.0,22.0,5.0,1.0,3.0,0.0,0.0,0.0,7.0,0.0,0.0,0.227,0.364,0.591,2.76,2.94,2019.0,5000,外野手,2,28,1991/08/09,201cm,117kg,不明,右両,プエルトリコ,True
小林　誠司,巨人,0.244,92.0,236.0,213.0,52.0,2.0,19.0,1.0,7.0,4.0,48.0,11.0,12.0,0.28,0.3,0.58,2.11,2.13,2019.0,6000,捕手,6,30,1989/06/07,178cm,85kg,O型,右右,大阪,False
ウィーラー,楽天,0.243,117.0,472.0,411.0,100.0,19.0,67.0,3.0,43.0,8.0,96.0,0.0,22.0,0.32,0.418,0.738,3.90,4.21,2019.0,20000,内野手,5,32,1987/01/16,178cm,100kg,不明,右右,アメリカ,True
田村　龍弘,ロッテ,0.243,100.0,321.0,284.0,69.0,3.0,31.0,1.0,22.0,0.0,59.0,12.0,8.0,0.294,0.324,0.618,2.89,2.96,2019.0,7200,捕手,7,25,1994/05/13,174cm,80kg,A型,右右,大阪,False
中田　翔,日本ハム,0.242,124.0,514.0,450.0,109.0,24.0,80.0,0.0,55.0,5.0,83.0,0.0,16.0,0.329,0.449,0.778,4.84,4.93,2019.0,28000,内野手,12,30,1989/04/22,183cm,107kg,O型,右右,広島,False
牧原　大成,ソフトバンク,0.242,114.0,436.0,409.0,99.0,3.0,27.0,10.0,10.0,4.0,85.0,12.0,2.0,0.267,0.308,0.575,2.40,2.43,2019.0,2000,内野手,9,27,1992/10/15,173cm,76kg,A型,右左,福岡,False
植田　海,阪神,0.242,81.0,37.0,33.0,8.0,1.0,2.0,12.0,1.0,1.0,8.0,2.0,0.0,0.286,0.333,0.619,4.46,4.57,2019.0,1400,内野手,5,23,1996/04/19,175cm,68kg,O型,右両,滋賀,False
ロペス,DeNA,0.241,142.0,597.0,551.0,133.0,31.0,84.0,0.0,39.0,4.0,107.0,0.0,18.0,0.295,0.461,0.756,4.37,4.42,2019.0,23000,内野手,7,36,1983/11/24,183cm,103kg,不明,右右,ベネズエラ,True
西野　真弘,オリックス,0.241,56.0,188.0,166.0,40.0,1.0,14.0,1.0,16.0,2.0,24.0,3.0,1.0,0.314,0.301,0.615,3.55,3.60,2019.0,2800,内野手,5,29,1990/08/02,167cm,71kg,O型,右左,東京都,True
若林　晃弘,巨人,0.239,77.0,273.0,234.0,56.0,5.0,21.0,11.0,32.0,2.0,51.0,4.0,3.0,0.335,0.35,0.685,4.43,4.46,2019.0,880,内野手,2,26,1993/08/26,180cm,77kg,A型,右両,東京都,True
大和,DeNA,0.237,137.0,490.0,438.0,104.0,0.0,37.0,3.0,34.0,6.0,75.0,10.0,7.0,0.3,0.285,0.585,2.93,2.93,2019.0,10000,内野手,14,32,1987/11/05,177cm,70kg,A型,右右,鹿児島,False
ゲレーロ,巨人,0.237,101.0,333.0,287.0,68.0,21.0,54.0,1.0,40.0,4.0,59.0,1.0,5.0,0.337,0.526,0.863,6.15,6.17,2019.0,40000,外野手,3,33,1986/11/20,182cm,99kg,不明,右右,キューバ,True
平沼　翔太,日本ハム,0.236,73.0,184.0,165.0,39.0,1.0,16.0,2.0,10.0,3.0,26.0,5.0,3.0,0.291,0.333,0.624,3.17,3.15,2019.0,570,内野手,4,22,1997/08/16,179cm,78kg,A型,右左,福井,False
西浦　直亨,ヤクルト,0.235,44.0,162.0,149.0,35.0,4.0,19.0,0.0,10.0,1.0,35.0,2.0,6.0,0.288,0.376,0.663,3.20,3.16,2019.0,3600,内野手,6,28,1991/04/11,178cm,75kg,B型,右右,奈良,False
上田　剛史,ヤクルト,0.235,56.0,57.0,51.0,12.0,0.0,4.0,1.0,1.0,1.0,7.0,3.0,1.0,0.259,0.235,0.495,1.60,1.85,2019.0,2500,外野手,13,31,1988/10/02,180cm,73kg,B型,右左,岡山,False
フェルナンド,楽天,0.235,16.0,39.0,34.0,8.0,0.0,7.0,0.0,2.0,1.0,10.0,1.0,1.0,0.289,0.265,0.554,2.37,2.66,2019.0,500,外野手,5,27,1992/04/13,175cm,79kg,O型,右右,ブラジル,True
吉田　裕太,ロッテ,0.234,32.0,56.0,47.0,11.0,2.0,7.0,0.0,5.0,0.0,13.0,4.0,2.0,0.308,0.383,0.691,3.07,3.18,2019.0,1300,捕手,6,28,1991/07/21,183cm,94kg,O型,右右,千葉,False
中村　奨吾,ロッテ,0.232,143.0,586.0,512.0,119.0,17.0,59.0,12.0,53.0,12.0,96.0,6.0,10.0,0.317,0.375,0.692,4.04,4.13,2019.0,7000,内野手,5,27,1992/05/28,180cm,79kg,A型,右右,兵庫,False
マーティン,ロッテ,0.232,52.0,228.0,194.0,45.0,14.0,39.0,3.0,26.0,7.0,57.0,0.0,4.0,0.342,0.495,0.837,5.61,5.74,2019.0,3300,外野手,1,31,1988/03/06,189cm,91kg,不明,右左,キューバ,True
山本　泰寛,巨人,0.232,92.0,212.0,177.0,41.0,2.0,10.0,2.0,22.0,7.0,51.0,6.0,3.0,0.34,0.339,0.679,4.17,4.12,2019.0,1850,内野手,4,26,1993/10/10,176cm,76kg,B型,右右,東京都,True
村上　宗隆,ヤクルト,0.231,143.0,593.0,511.0,118.0,36.0,96.0,5.0,74.0,5.0,184.0,0.0,9.0,0.332,0.481,0.814,5.42,5.56,2019.0,800,内野手,2,19,2000/02/02,188cm,97kg,O型,右左,熊本,False
栗原　陵矢,ソフトバンク,0.231,32.0,45.0,39.0,9.0,1.0,7.0,0.0,3.0,2.0,10.0,0.0,1.0,0.311,0.359,0.67,3.77,4.13,2019.0,700,捕手,5,23,1996/07/04,179cm,75kg,A型,右左,福井,False
宜保　翔,オリックス,0.231,8.0,28.0,26.0,6.0,0.0,0.0,0.0,2.0,0.0,7.0,0.0,0.0,0.286,0.269,0.555,2.76,2.75,2019.0,500,内野手,1,19,2000/11/26,174cm,66kg,O型,右左,沖縄,False
坂倉　将吾,広島,0.23,51.0,64.0,61.0,14.0,1.0,7.0,0.0,3.0,0.0,19.0,0.0,0.0,0.266,0.344,0.61,3.19,3.14,2019.0,700,捕手,3,21,1998/05/29,176cm,84kg,A型,右左,千葉,False
辰己　涼介,楽天,0.229,124.0,369.0,314.0,72.0,4.0,25.0,13.0,39.0,4.0,101.0,10.0,4.0,0.32,0.318,0.639,3.71,3.77,2019.0,1500,外野手,1,23,1996/12/27,180cm,74kg,A型,右左,兵庫,False
谷口　雄也,日本ハム,0.229,30.0,50.0,48.0,11.0,2.0,10.0,0.0,2.0,0.0,12.0,0.0,1.0,0.26,0.396,0.656,3.28,3.34,2019.0,1300,外野手,9,27,1992/06/01,182cm,91kg,B型,右左,三重,False
加藤　匠馬,中日,0.228,92.0,245.0,224.0,51.0,0.0,13.0,0.0,9.0,0.0,57.0,12.0,6.0,0.258,0.286,0.543,2.00,1.96,2019.0,550,捕手,5,27,1992/04/29,175cm,76kg,B型,右右,三重,False
岡　大海,ロッテ,0.227,95.0,182.0,154.0,35.0,6.0,16.0,13.0,18.0,6.0,32.0,3.0,5.0,0.33,0.409,0.739,4.82,4.86,2019.0,2300,外野手,6,28,1991/07/15,185cm,80kg,B型,右右,岡山,False
木下　拓哉,中日,0.227,39.0,98.0,88.0,20.0,2.0,8.0,0.0,5.0,3.0,22.0,1.0,2.0,0.289,0.364,0.652,3.40,3.45,2019.0,1000,捕手,4,28,1991/12/18,183cm,92kg,B型,右右,高知,False
鈴木　昂平,オリックス,0.227,58.0,53.0,44.0,10.0,0.0,0.0,0.0,4.0,3.0,12.0,2.0,2.0,0.333,0.25,0.583,2.65,2.69,2019.0,1200,内野手,4,28,1991/06/20,175cm,77kg,B型,右右,東京都,True
渡邊　佳明,楽天,0.225,77.0,245.0,218.0,49.0,1.0,26.0,0.0,14.0,1.0,40.0,11.0,5.0,0.274,0.284,0.558,2.33,2.35,2019.0,750,内野手,1,22,1997/01/08,180cm,79kg,A型,右左,神奈川,False
石井　一成,日本ハム,0.224,76.0,226.0,196.0,44.0,4.0,22.0,2.0,16.0,0.0,61.0,13.0,3.0,0.282,0.367,0.649,3.10,3.14,2019.0,1620,内野手,3,25,1994/05/06,182cm,80kg,O型,右左,栃木,False
後藤　駿太,オリックス,0.224,91.0,194.0,165.0,37.0,1.0,22.0,4.0,19.0,3.0,47.0,6.0,1.0,0.314,0.321,0.635,3.48,3.53,2019.0,2300,外野手,9,26,1993/03/05,180cm,83kg,A型,右左,群馬,False
田中　俊太,巨人,0.224,62.0,176.0,156.0,35.0,4.0,14.0,2.0,14.0,0.0,36.0,4.0,2.0,0.285,0.346,0.631,3.38,3.54,2019.0,1600,内野手,2,26,1993/08/18,178cm,80kg,O型,右左,神奈川,False
ビヤヌエバ,巨人,0.223,73.0,235.0,202.0,45.0,8.0,24.0,2.0,25.0,6.0,52.0,1.0,5.0,0.325,0.386,0.711,4.32,4.43,2019.0,22500,内野手,1,28,1991/06/19,180cm,95kg,不明,右右,メキシコ,True
細川　成也,DeNA,0.222,36.0,83.0,72.0,16.0,1.0,10.0,0.0,8.0,2.0,24.0,0.0,1.0,0.313,0.292,0.605,3.29,3.51,2019.0,560,外野手,3,21,1998/08/04,179cm,86kg,AB型,右右,神奈川,False
塚田　正義,ソフトバンク,0.222,18.0,24.0,18.0,4.0,1.0,3.0,0.0,5.0,1.0,6.0,0.0,1.0,0.417,0.389,0.806,5.73,5.62,2019.0,1200,外野手,8,30,1989/07/23,177cm,83kg,A型,右右,茨城,False
木村　文紀,西武,0.22,130.0,441.0,391.0,86.0,10.0,38.0,16.0,24.0,5.0,101.0,15.0,3.0,0.27,0.343,0.613,2.96,3.19,2019.0,2360,外野手,13,31,1988/09/13,183cm,87kg,O型,右右,東京都,True
中島　卓也,日本ハム,0.22,120.0,328.0,291.0,64.0,0.0,16.0,12.0,22.0,2.0,70.0,12.0,2.0,0.278,0.244,0.522,2.25,2.35,2019.0,10000,内野手,11,28,1991/01/11,178cm,72kg,A型,右左,福岡,False
小島　脩平,オリックス,0.22,103.0,266.0,246.0,54.0,4.0,18.0,7.0,16.0,0.0,49.0,3.0,2.0,0.266,0.305,0.571,2.60,2.71,2019.0,1800,内野手,8,32,1987/06/05,177cm,78kg,O型,右左,群馬,False
釜元　豪,ソフトバンク,0.22,86.0,189.0,173.0,38.0,4.0,11.0,11.0,12.0,0.0,56.0,4.0,2.0,0.27,0.312,0.582,3.00,3.10,2019.0,600,外野手,8,26,1993/09/03,180cm,79kg,B型,右左,長崎,False
藤井　淳志,中日,0.22,61.0,154.0,141.0,31.0,1.0,12.0,1.0,11.0,1.0,33.0,0.0,3.0,0.279,0.312,0.591,2.82,2.87,2019.0,5500,外野手,14,38,1981/05/20,183cm,82kg,O型,右両,愛知,False
佐藤　龍世,西武,0.22,52.0,63.0,59.0,13.0,2.0,7.0,0.0,3.0,0.0,14.0,1.0,1.0,0.258,0.424,0.682,3.54,3.45,2019.0,600,内野手,1,22,1997/01/15,174cm,81kg,AB型,右右,北海道,False
太田　光,楽天,0.219,55.0,112.0,96.0,21.0,1.0,6.0,1.0,7.0,1.0,23.0,8.0,2.0,0.279,0.271,0.55,2.31,2.36,2019.0,1200,捕手,1,23,1996/10/14,178cm,76kg,O型,右右,岡山,False
梶谷　隆幸,DeNA,0.215,41.0,110.0,93.0,20.0,5.0,15.0,3.0,16.0,0.0,20.0,1.0,1.0,0.33,0.43,0.76,5.24,5.27,2019.0,9600,外野手,13,31,1988/08/28,180cm,85kg,A型,右左,島根,False
三木　亮,ロッテ,0.214,89.0,145.0,126.0,27.0,2.0,15.0,5.0,6.0,4.0,38.0,8.0,1.0,0.27,0.286,0.556,2.69,2.84,2019.0,2240,内野手,6,28,1991/10/25,175cm,78kg,A型,右右,大阪,False
小園　海斗,広島,0.213,58.0,197.0,188.0,40.0,4.0,16.0,1.0,6.0,1.0,42.0,2.0,1.0,0.241,0.324,0.565,2.53,2.55,2019.0,800,内野手,1,19,2000/06/07,178cm,84kg,AB型,右左,兵庫,False
堂上　直倫,中日,0.212,98.0,217.0,193.0,41.0,12.0,39.0,1.0,13.0,0.0,56.0,11.0,4.0,0.262,0.446,0.708,3.64,3.75,2019.0,3000,内野手,13,31,1988/09/23,184cm,86kg,O型,右右,愛知,False
松本　直樹,ヤクルト,0.212,33.0,73.0,66.0,14.0,1.0,4.0,0.0,3.0,1.0,9.0,3.0,2.0,0.257,0.273,0.53,1.88,1.97,2019.0,850,捕手,2,26,1993/10/17,177cm,82kg,A型,右右,香川,False
松井　雅人,中日,0.212,20.0,39.0,33.0,7.0,0.0,2.0,0.0,4.0,0.0,12.0,2.0,1.0,0.297,0.273,0.57,2.42,2.39,2019.0,2000,捕手,10,32,1987/11/19,179cm,81kg,A型,右左,群馬,False
松井　雅人,オリックス,0.194,24.0,42.0,36.0,7.0,0.0,2.0,0.0,3.0,0.0,7.0,3.0,0.0,0.256,0.194,0.451,1.53,1.66,2019.0,2000,捕手,10,32,1987/11/19,179cm,81kg,A型,右左,群馬,False
マレーロ,オリックス,0.211,43.0,133.0,123.0,26.0,2.0,14.0,0.0,7.0,1.0,35.0,0.0,5.0,0.256,0.317,0.573,2.16,2.34,2019.0,6780,内野手,3,31,1988/07/02,191cm,95kg,不明,右右,アメリカ,True
嶺井　博希,DeNA,0.211,64.0,130.0,114.0,24.0,2.0,12.0,0.0,7.0,4.0,23.0,5.0,5.0,0.28,0.316,0.596,2.41,2.46,2019.0,2700,捕手,6,28,1991/06/04,175cm,85kg,B型,右右,沖縄,False
杉谷　拳士,日本ハム,0.209,83.0,157.0,134.0,28.0,4.0,12.0,5.0,13.0,3.0,36.0,6.0,2.0,0.291,0.343,0.635,3.38,3.53,2019.0,2600,内野手,11,28,1991/02/04,173cm,78kg,B型,右両,東京都,True
嶋　基宏,楽天,0.209,57.0,131.0,110.0,23.0,3.0,15.0,0.0,13.0,1.0,20.0,7.0,3.0,0.298,0.336,0.635,3.11,3.16,2019.0,10000,捕手,13,35,1984/12/13,179cm,82kg,A型,右右,岐阜,False
ナバーロ,阪神,0.209,15.0,45.0,43.0,9.0,0.0,2.0,0.0,2.0,0.0,9.0,0.0,2.0,0.244,0.256,0.5,1.31,1.31,2019.0,5640,内野手,2,33,1986/05/14,183cm,95kg,不明,左左,アメリカ,True
石川　雄洋,DeNA,0.208,50.0,113.0,101.0,21.0,2.0,5.0,1.0,5.0,1.0,34.0,6.0,1.0,0.252,0.317,0.569,2.07,2.17,2019.0,4500,内野手,15,33,1986/07/10,183cm,78kg,O型,右左,静岡,False
楠本　泰史,DeNA,0.208,39.0,81.0,72.0,15.0,1.0,6.0,0.0,7.0,2.0,19.0,0.0,1.0,0.296,0.306,0.602,2.67,2.74,2019.0,1080,外野手,2,24,1995/07/07,180cm,77kg,A型,右左,大阪,False
三森　大貴,ソフトバンク,0.208,24.0,51.0,48.0,10.0,0.0,1.0,3.0,2.0,1.0,17.0,0.0,0.0,0.255,0.333,0.588,2.60,2.62,2019.0,500,内野手,3,20,1999/02/21,185cm,68kg,A型,右左,埼玉,False
佐野　皓大,オリックス,0.207,68.0,130.0,121.0,25.0,1.0,9.0,12.0,5.0,1.0,43.0,3.0,2.0,0.244,0.289,0.533,2.22,2.26,2019.0,430,外野手,5,23,1996/09/02,182cm,73kg,A型,右両,大分,False
鳥谷　敬,阪神,0.207,74.0,105.0,92.0,19.0,0.0,4.0,1.0,12.0,0.0,16.0,1.0,2.0,0.298,0.261,0.559,2.64,2.69,2019.0,40000,内野手,16,38,1981/06/26,180cm,79kg,B型,右左,東京都,True
淺間　大基,日本ハム,0.207,13.0,33.0,29.0,6.0,0.0,1.0,0.0,1.0,0.0,5.0,3.0,0.0,0.233,0.345,0.578,2.52,2.42,2019.0,1100,外野手,5,23,1996/06/21,183cm,80kg,B型,右左,東京都,True
小田　裕也,オリックス,0.206,82.0,203.0,180.0,37.0,3.0,21.0,9.0,12.0,6.0,47.0,3.0,0.0,0.275,0.306,0.581,2.82,3.04,2019.0,2300,外野手,5,30,1989/11/04,172cm,75kg,O型,右左,熊本,False
メネセス,オリックス,0.206,29.0,118.0,102.0,21.0,4.0,14.0,0.0,13.0,0.0,28.0,0.0,3.0,0.288,0.363,0.651,3.17,3.60,2019.0,11000,内野手,1,27,1992/05/06,191cm,100kg,不明,右右,メキシコ,True
堂林　翔太,広島,0.206,28.0,38.0,34.0,7.0,0.0,2.0,0.0,2.0,0.0,9.0,2.0,0.0,0.25,0.265,0.515,2.07,2.14,2019.0,1600,内野手,10,28,1991/08/17,183cm,88kg,A型,右右,愛知,False
清宮　幸太郎,日本ハム,0.204,81.0,278.0,250.0,51.0,7.0,33.0,0.0,21.0,3.0,75.0,0.0,4.0,0.27,0.34,0.61,2.90,3.16,2019.0,1800,内野手,2,20,1999/05/25,184cm,102kg,O型,右左,東京都,True
西田　明央,ヤクルト,0.204,47.0,62.0,54.0,11.0,0.0,4.0,0.0,8.0,0.0,16.0,0.0,1.0,0.306,0.296,0.603,3.11,2.98,2019.0,1300,捕手,9,27,1992/04/28,178cm,83kg,AB型,右右,京都,False
白崎　浩之,オリックス,0.204,25.0,54.0,49.0,10.0,2.0,6.0,0.0,5.0,0.0,14.0,0.0,1.0,0.278,0.327,0.604,2.87,3.10,2019.0,1850,内野手,7,29,1990/08/20,184cm,90kg,O型,右右,北海道,False
廣岡　大志,ヤクルト,0.203,91.0,243.0,202.0,41.0,10.0,25.0,1.0,33.0,2.0,77.0,5.0,4.0,0.319,0.391,0.71,4.11,4.32,2019.0,870,内野手,4,22,1997/04/09,183cm,81kg,O型,右右,大阪,False
大引　啓次,ヤクルト,0.202,70.0,137.0,119.0,24.0,1.0,13.0,1.0,13.0,0.0,28.0,4.0,4.0,0.278,0.286,0.564,2.33,2.38,2019.0,3600,内野手,13,35,1984/06/29,178cm,84kg,A型,右右,大阪,False
加藤　翔平,ロッテ,0.202,60.0,120.0,109.0,22.0,4.0,9.0,4.0,7.0,2.0,32.0,2.0,2.0,0.263,0.358,0.621,2.85,3.00,2019.0,2700,外野手,7,28,1991/03/28,183cm,84kg,AB型,右両,埼玉,False
戸柱　恭孝,DeNA,0.2,45.0,111.0,100.0,20.0,1.0,6.0,0.0,7.0,1.0,22.0,2.0,2.0,0.257,0.31,0.567,2.39,2.53,2019.0,3300,捕手,4,29,1990/04/11,179cm,90kg,A型,右左,鹿児島,False
石川　亮,日本ハム,0.2,46.0,86.0,75.0,15.0,0.0,3.0,0.0,2.0,0.0,29.0,9.0,2.0,0.221,0.24,0.461,1.07,1.08,2019.0,800,捕手,6,24,1995/07/20,180cm,84kg,O型,右右,神奈川,False
増田　大輝,巨人,0.2,75.0,58.0,50.0,10.0,0.0,6.0,15.0,6.0,0.0,11.0,2.0,2.0,0.286,0.32,0.606,3.69,3.68,2019.0,500,内野手,4,26,1993/07/29,172cm,68kg,A型,右右,徳島,False
武山　真吾,中日,0.2,30.0,51.0,45.0,9.0,1.0,4.0,0.0,3.0,2.0,13.0,1.0,1.0,0.28,0.311,0.591,2.69,2.78,2019.0,1500,捕手,17,35,1984/06/22,179cm,88kg,O型,右右,愛知,False
曽根　海成,広島,0.2,64.0,31.0,25.0,5.0,0.0,2.0,5.0,3.0,1.0,10.0,2.0,0.0,0.31,0.2,0.51,2.42,2.51,2019.0,700,内野手,6,24,1995/04/24,175cm,68kg,A型,右左,大阪,False
古賀　優大,ヤクルト,0.2,11.0,17.0,15.0,3.0,0.0,0.0,0.0,1.0,0.0,2.0,1.0,0.0,0.25,0.2,0.45,1.51,1.62,2019.0,580,捕手,3,21,1998/08/07,177cm,74kg,B型,右右,福岡,False
溝脇　隼人,中日,0.2,8.0,16.0,15.0,3.0,0.0,0.0,0.0,1.0,0.0,2.0,0.0,0.0,0.25,0.333,0.583,2.85,2.88,2019.0,600,内野手,7,25,1994/05/17,179cm,75kg,O型,右左,熊本,False
井野　卓,ヤクルト,0.2,7.0,11.0,10.0,2.0,0.0,0.0,0.0,0.0,0.0,4.0,1.0,1.0,0.2,0.3,0.5,0.48,0.38,2019.0,1600,捕手,14,36,1983/11/23,178cm,83kg,B型,右右,群馬,False
松田　進,ロッテ,0.2,3.0,6.0,5.0,1.0,0.0,1.0,0.0,1.0,0.0,1.0,0.0,0.0,0.333,0.2,0.533,0.45,0.81,2019.0,770,内野手,1,25,1994/08/29,188cm,95kg,O型,右右,神奈川,False
大村　孟,ヤクルト,0.2,5.0,5.0,5.0,1.0,1.0,1.0,0.0,0.0,0.0,0.0,0.0,0.0,0.2,0.8,1.0,6.68,7.29,2019.0,600,捕手,3,28,1991/12/21,169cm,78kg,AB型,右左,福岡,False
奥村　展征,ヤクルト,0.199,74.0,195.0,166.0,33.0,1.0,12.0,0.0,16.0,3.0,47.0,10.0,2.0,0.281,0.277,0.558,2.32,2.35,2019.0,950,内野手,6,24,1995/05/26,178cm,76kg,O型,右左,滋賀,False
平沢　大河,ロッテ,0.198,51.0,108.0,91.0,18.0,1.0,8.0,0.0,12.0,0.0,28.0,5.0,0.0,0.291,0.286,0.577,2.59,2.70,2019.0,2620,内野手,4,22,1997/12/24,176cm,80kg,A型,右左,宮城,False
頓宮　裕真,オリックス,0.198,28.0,93.0,91.0,18.0,3.0,10.0,0.0,1.0,0.0,22.0,0.0,3.0,0.204,0.352,0.556,1.83,2.02,2019.0,1200,内野手,1,23,1996/11/17,181cm,98kg,AB型,右右,岡山,False
菅野　剛士,ロッテ,0.197,28.0,73.0,66.0,13.0,3.0,7.0,0.0,6.0,1.0,11.0,0.0,0.0,0.274,0.364,0.638,3.54,3.71,2019.0,1440,外野手,2,26,1993/05/06,171cm,83kg,A型,右左,東京都,True
周東　佑京,ソフトバンク,0.196,102.0,114.0,102.0,20.0,1.0,6.0,25.0,2.0,0.0,27.0,10.0,1.0,0.212,0.294,0.506,2.30,2.39,2019.0,330,内野手,2,23,1996/02/10,179cm,67kg,A型,右左,群馬,False
石原　慶幸,広島,0.196,31.0,67.0,56.0,11.0,1.0,5.0,0.0,5.0,0.0,18.0,5.0,1.0,0.258,0.286,0.544,2.14,2.38,2019.0,7000,捕手,18,40,1979/09/07,177cm,90kg,A型,右右,岐阜,False
西浦　颯大,オリックス,0.195,77.0,239.0,220.0,43.0,1.0,18.0,8.0,13.0,0.0,56.0,5.0,1.0,0.239,0.255,0.494,1.82,1.94,2019.0,480,外野手,2,20,1999/05/21,178cm,70kg,A型,右左,熊本,False
上林　誠知,ソフトバンク,0.194,99.0,286.0,258.0,50.0,11.0,31.0,10.0,18.0,3.0,75.0,6.0,2.0,0.254,0.36,0.614,2.94,3.15,2019.0,7500,外野手,6,24,1995/08/01,185cm,84kg,O型,右左,埼玉,False
田中　広輔,広島,0.193,97.0,355.0,311.0,60.0,3.0,27.0,8.0,32.0,2.0,89.0,4.0,4.0,0.268,0.264,0.531,2.26,2.53,2019.0,18000,内野手,6,30,1989/07/03,171cm,82kg,A型,右左,神奈川,False
上本　博紀,阪神,0.192,62.0,119.0,104.0,20.0,1.0,6.0,5.0,11.0,0.0,37.0,3.0,1.0,0.267,0.26,0.527,2.47,2.65,2019.0,6000,内野手,11,33,1986/07/04,173cm,65kg,O型,右右,広島,False
田中　和基,楽天,0.188,59.0,193.0,160.0,30.0,1.0,9.0,3.0,26.0,0.0,37.0,5.0,3.0,0.298,0.269,0.567,2.19,2.43,2019.0,4000,外野手,3,25,1994/08/08,181cm,75kg,A型,右両,福岡,False
横尾　俊建,日本ハム,0.188,78.0,191.0,170.0,32.0,3.0,13.0,0.0,15.0,4.0,34.0,1.0,4.0,0.268,0.3,0.568,2.44,2.54,2019.0,2100,内野手,4,26,1993/05/27,177cm,95kg,O型,右右,東京都,True
ソラーテ,阪神,0.188,20.0,80.0,69.0,13.0,4.0,9.0,0.0,9.0,0.0,13.0,0.0,4.0,0.275,0.406,0.681,3.07,3.53,2019.0,5000,内野手,1,32,1987/07/03,180cm,93kg,不明,右両,ベネズエラ,True
吉田　大成,ヤクルト,0.188,13.0,39.0,32.0,6.0,0.0,2.0,1.0,4.0,2.0,8.0,1.0,1.0,0.316,0.219,0.535,2.08,2.23,2019.0,700,内野手,1,24,1995/03/07,175cm,80kg,B型,右左,千葉,False
伊藤　康祐,中日,0.188,14.0,33.0,32.0,6.0,0.0,1.0,0.0,0.0,0.0,8.0,1.0,0.0,0.188,0.219,0.406,0.79,0.86,2019.0,550,外野手,2,19,2000/02/03,174cm,75kg,AB型,右右,愛知,False
桑原　将志,DeNA,0.186,72.0,115.0,102.0,19.0,2.0,7.0,2.0,9.0,1.0,26.0,3.0,0.0,0.259,0.294,0.553,2.63,2.76,2019.0,8400,外野手,8,26,1993/07/21,174cm,78kg,B型,右右,大阪,False
山下　斐紹,楽天,0.183,31.0,66.0,60.0,11.0,3.0,5.0,0.0,1.0,2.0,13.0,3.0,0.0,0.222,0.35,0.572,2.46,2.68,2019.0,1200,捕手,9,27,1992/11/16,179cm,93kg,A型,右左,北海道,False
オコエ　瑠偉,楽天,0.182,52.0,122.0,110.0,20.0,3.0,15.0,5.0,6.0,3.0,29.0,2.0,3.0,0.242,0.3,0.542,2.09,2.32,2019.0,1200,外野手,4,22,1997/07/21,185cm,90kg,O型,右右,東京都,True
塩見　泰隆,ヤクルト,0.182,45.0,98.0,88.0,16.0,1.0,7.0,4.0,8.0,2.0,24.0,0.0,1.0,0.265,0.284,0.549,2.50,2.63,2019.0,950,外野手,2,26,1993/06/12,179cm,76kg,B型,右右,神奈川,False
サンタナ,広島,0.182,13.0,34.0,33.0,6.0,0.0,5.0,0.0,1.0,0.0,5.0,0.0,2.0,0.206,0.182,0.388,0.00,0.12,2019.0,230,内野手,1,25,1994/08/16,181cm,100kg,不明,右右,ドミニカ共和国,True
髙城　俊人,オリックス,0.182,5.0,12.0,11.0,2.0,0.0,0.0,0.0,1.0,0.0,4.0,0.0,0.0,0.25,0.182,0.432,1.29,1.50,2019.0,1800,捕手,8,26,1993/05/03,176cm,86kg,AB型,右右,福岡,False
中谷　将大,阪神,0.181,62.0,131.0,116.0,21.0,6.0,19.0,0.0,12.0,1.0,37.0,2.0,0.0,0.264,0.379,0.643,3.40,3.59,2019.0,3500,外野手,9,26,1993/01/05,187cm,91kg,A型,右右,福岡,False
バルガス,ロッテ,0.179,35.0,102.0,84.0,15.0,1.0,6.0,0.0,16.0,2.0,36.0,0.0,2.0,0.324,0.274,0.597,3.09,3.17,2019.0,17000,内野手,1,29,1990/08/01,196cm,133kg,不明,右両,プエルトリコ,True
若月　健矢,オリックス,0.178,138.0,348.0,298.0,53.0,1.0,21.0,2.0,21.0,4.0,73.0,25.0,4.0,0.241,0.218,0.46,1.40,1.49,2019.0,4000,捕手,6,24,1995/10/04,179cm,90kg,O型,右右,埼玉,False
鶴岡　慎也,日本ハム,0.177,35.0,69.0,62.0,11.0,1.0,4.0,0.0,3.0,0.0,13.0,4.0,2.0,0.215,0.258,0.473,1.13,1.25,2019.0,6000,捕手,17,38,1981/04/11,176cm,78kg,A型,右右,鹿児島,False
川瀬　晃,ソフトバンク,0.176,29.0,37.0,34.0,6.0,0.0,1.0,1.0,1.0,0.0,5.0,2.0,1.0,0.2,0.176,0.376,0.14,0.30,2019.0,550,内野手,4,22,1997/09/15,175cm,64kg,B型,右左,大分,False
坂本　誠志郎,阪神,0.175,20.0,44.0,40.0,7.0,2.0,3.0,0.0,1.0,0.0,8.0,3.0,2.0,0.195,0.325,0.52,1.22,1.41,2019.0,1400,捕手,4,26,1993/11/10,176cm,81kg,O型,右右,兵庫,False
戸川　大輔,西武,0.174,10.0,25.0,23.0,4.0,1.0,1.0,0.0,2.0,0.0,4.0,0.0,0.0,0.24,0.348,0.588,2.15,2.40,2019.0,500,外野手,5,23,1996/04/29,188cm,90kg,B型,右左,北海道,False
小郷　裕哉,楽天,0.172,22.0,34.0,29.0,5.0,1.0,4.0,0.0,4.0,0.0,11.0,1.0,0.0,0.273,0.345,0.618,3.16,3.27,2019.0,700,外野手,1,23,1996/08/03,178cm,85kg,O型,右左,岡山,False
大野　奨太,中日,0.17,34.0,62.0,53.0,9.0,0.0,3.0,0.0,5.0,0.0,9.0,3.0,2.0,0.237,0.189,0.426,0.86,1.16,2019.0,10000,捕手,11,32,1987/01/13,177cm,78kg,O型,右右,岐阜,False
柿沼　友哉,ロッテ,0.167,34.0,73.0,54.0,9.0,1.0,2.0,0.0,4.0,5.0,20.0,10.0,0.0,0.286,0.222,0.508,2.11,2.30,2019.0,490,捕手,4,26,1993/05/12,180cm,82kg,A型,右右,茨城,False
髙谷　裕亮,ソフトバンク,0.167,55.0,42.0,30.0,5.0,1.0,1.0,0.0,5.0,0.0,15.0,7.0,0.0,0.286,0.267,0.552,2.38,2.57,2019.0,3400,捕手,13,38,1981/11/13,179cm,87kg,O型,右左,栃木,False
山下　航汰,巨人,0.167,12.0,13.0,12.0,2.0,0.0,0.0,0.0,1.0,0.0,2.0,0.0,0.0,0.231,0.25,0.481,1.72,1.73,2019.0,240,外野手,1,19,2000/11/15,176cm,80kg,O型,右左,大阪,False
山田　遥楓,西武,0.167,4.0,13.0,12.0,2.0,0.0,0.0,0.0,1.0,0.0,4.0,0.0,1.0,0.231,0.167,0.397,-0.06,0.10,2019.0,650,内野手,5,23,1996/09/30,179cm,84kg,A型,右右,佐賀,False
伏見　寅威,オリックス,0.164,39.0,72.0,61.0,10.0,1.0,9.0,0.0,8.0,2.0,16.0,0.0,2.0,0.278,0.213,0.491,1.50,1.89,2019.0,2200,捕手,7,29,1990/05/12,182cm,88kg,AB型,右右,北海道,False
川端　慎吾,ヤクルト,0.164,37.0,67.0,61.0,10.0,0.0,7.0,0.0,5.0,0.0,8.0,0.0,2.0,0.224,0.18,0.404,0.63,0.95,2019.0,14000,内野手,14,32,1987/10/16,185cm,86kg,O型,右左,大阪,False
山足　達也,オリックス,0.164,28.0,64.0,61.0,10.0,1.0,8.0,0.0,2.0,1.0,12.0,0.0,1.0,0.203,0.246,0.449,0.85,1.08,2019.0,750,内野手,2,26,1993/10/26,174cm,76kg,AB型,右右,大阪,False
細谷　圭,ロッテ,0.158,29.0,20.0,19.0,3.0,0.0,1.0,0.0,1.0,0.0,7.0,0.0,0.0,0.2,0.211,0.411,0.85,0.95,2019.0,2020,内野手,14,31,1988/01/17,182cm,84kg,B型,右右,群馬,False
髙田　知季,ソフトバンク,0.157,93.0,125.0,115.0,18.0,0.0,10.0,2.0,3.0,1.0,36.0,6.0,1.0,0.185,0.165,0.35,0.31,0.46,2019.0,2600,内野手,7,29,1990/05/06,176cm,68kg,O型,右左,兵庫,False
杉本　裕太郎,オリックス,0.157,18.0,51.0,51.0,8.0,4.0,7.0,1.0,0.0,0.0,22.0,0.0,2.0,0.157,0.412,0.569,1.66,2.02,2019.0,830,外野手,4,28,1991/04/05,190cm,98kg,B型,右右,徳島,False
堀内　謙伍,楽天,0.156,65.0,140.0,122.0,19.0,0.0,13.0,0.0,5.0,2.0,41.0,11.0,2.0,0.202,0.205,0.406,0.69,0.79,2019.0,650,捕手,4,22,1997/04/15,174cm,82kg,A型,右左,静岡,False
足立　祐一,楽天,0.154,21.0,47.0,39.0,6.0,2.0,4.0,0.0,1.0,1.0,12.0,5.0,0.0,0.19,0.333,0.524,1.82,2.27,2019.0,1500,捕手,4,30,1989/09/22,178cm,83kg,A型,右右,東京都,True
鈴木　将平,西武,0.154,16.0,28.0,26.0,4.0,0.0,1.0,1.0,1.0,0.0,6.0,1.0,1.0,0.185,0.154,0.339,-0.36,-0.17,2019.0,600,外野手,3,21,1998/05/20,175cm,78kg,O型,左左,静岡,False
香月　一也,ロッテ,0.152,26.0,33.0,33.0,5.0,1.0,3.0,0.0,0.0,0.0,9.0,0.0,0.0,0.152,0.242,0.394,0.54,0.82,2019.0,580,内野手,5,23,1996/04/16,176cm,83kg,A型,右左,福岡,False
愛斗,西武,0.151,42.0,57.0,53.0,8.0,0.0,3.0,0.0,3.0,0.0,11.0,1.0,2.0,0.196,0.17,0.366,0.08,0.12,2019.0,620,外野手,4,22,1997/04/06,177cm,87kg,O型,右右,大阪,False
中島　宏之,巨人,0.148,43.0,65.0,54.0,8.0,1.0,5.0,1.0,9.0,1.0,21.0,0.0,1.0,0.277,0.278,0.555,2.55,2.86,2019.0,15000,内野手,17,37,1982/07/31,180cm,90kg,A型,右右,兵庫,False
渡辺　勝,中日,0.148,27.0,29.0,27.0,4.0,0.0,2.0,1.0,1.0,0.0,11.0,0.0,0.0,0.172,0.222,0.395,0.90,1.32,2019.0,500,外野手,4,26,1993/10/14,172cm,80kg,A型,右左,神奈川,False
宮本　丈,ヤクルト,0.143,26.0,47.0,42.0,6.0,0.0,0.0,2.0,4.0,0.0,19.0,1.0,2.0,0.217,0.143,0.36,-0.01,0.21,2019.0,900,内野手,2,24,1995/04/03,182cm,78kg,B型,右左,大阪,False
武田　健吾,中日,0.143,29.0,36.0,35.0,5.0,0.0,1.0,0.0,0.0,0.0,12.0,1.0,2.0,0.143,0.143,0.286,-0.96,-0.82,2019.0,1700,外野手,7,25,1994/04/18,183cm,85kg,O型,右右,福岡,False
武田　健吾,オリックス,0.125,6.0,9.0,8.0,1.0,0.0,0.0,1.0,0.0,1.0,1.0,0.0,0.0,0.222,0.125,0.347,1.20,1.47,2019.0,1700,外野手,7,25,1994/04/18,183cm,85kg,O型,右右,福岡,False
真砂　勇介,ソフトバンク,0.143,12.0,23.0,21.0,3.0,0.0,1.0,2.0,1.0,0.0,11.0,1.0,0.0,0.182,0.143,0.325,0.55,0.75,2019.0,620,外野手,7,25,1994/05/04,184cm,79kg,B型,右右,京都,False
上本　崇司,広島,0.143,31.0,22.0,21.0,3.0,0.0,0.0,0.0,0.0,0.0,5.0,1.0,1.0,0.143,0.143,0.286,-1.22,-1.04,2019.0,1000,内野手,7,29,1990/08/22,170cm,71kg,A型,右両,広島,False
渡邉　大樹,ヤクルト,0.143,16.0,9.0,7.0,1.0,1.0,1.0,1.0,0.0,1.0,2.0,1.0,0.0,0.25,0.571,0.821,5.13,5.55,2019.0,580,外野手,4,22,1997/06/07,182cm,87kg,O型,右右,千葉,False
駒月　仁人,西武,0.143,7.0,7.0,7.0,1.0,0.0,0.0,0.0,0.0,0.0,1.0,0.0,0.0,0.143,0.143,0.286,-0.42,-0.23,2019.0,510,捕手,8,26,1993/04/21,176cm,93kg,O型,右右,京都,False
今井　順之助,日本ハム,0.143,2.0,7.0,7.0,1.0,0.0,1.0,0.0,0.0,0.0,2.0,0.0,0.0,0.143,0.143,0.286,-0.45,-0.27,2019.0,480,内野手,3,21,1998/05/25,177cm,94kg,A型,右左,岐阜,False
石垣　雅海,中日,0.133,15.0,15.0,15.0,2.0,0.0,1.0,0.0,0.0,0.0,7.0,0.0,0.0,0.133,0.267,0.4,0.48,0.44,2019.0,540,内野手,3,21,1998/09/21,181cm,85kg,B型,右右,山形,False
宮﨑　祐樹,オリックス,0.13,15.0,28.0,23.0,3.0,0.0,1.0,0.0,2.0,2.0,9.0,0.0,0.0,0.25,0.13,0.38,1.03,1.75,2019.0,1800,外野手,9,33,1986/11/29,178cm,85kg,A型,右右,佐賀,False
亀澤　恭平,中日,0.128,47.0,49.0,47.0,6.0,0.0,2.0,0.0,1.0,0.0,5.0,1.0,2.0,0.146,0.17,0.316,-1.09,-0.87,2019.0,2600,内野手,8,31,1988/10/15,174cm,77kg,B型,右左,岡山,False
坂口　智隆,ヤクルト,0.125,22.0,77.0,64.0,8.0,0.0,2.0,0.0,10.0,2.0,13.0,1.0,2.0,0.263,0.141,0.404,0.86,1.13,2019.0,14000,外野手,17,35,1984/07/07,181cm,82kg,O型,右左,兵庫,False
中田　祥多,西武,0.125,2.0,9.0,8.0,1.0,0.0,0.0,0.0,0.0,0.0,4.0,1.0,0.0,0.125,0.125,0.25,-0.58,-0.41,2019.0,570,捕手,12,29,1990/02/22,182cm,90kg,A型,右右,兵庫,False
石川　駿,中日,0.125,8.0,8.0,8.0,1.0,0.0,3.0,0.0,0.0,0.0,3.0,0.0,0.0,0.125,0.375,0.5,1.35,1.50,2019.0,600,内野手,5,29,1990/05/26,178cm,82kg,A型,右右,滋賀,False
西田　哲朗,ソフトバンク,0.125,7.0,8.0,8.0,1.0,0.0,1.0,0.0,0.0,0.0,0.0,0.0,0.0,0.125,0.25,0.375,0.36,0.35,2019.0,1800,内野手,10,28,1991/09/04,180cm,84kg,O型,右右,大阪,False
マルティネス,巨人,0.125,6.0,8.0,8.0,1.0,0.0,1.0,0.0,0.0,0.0,5.0,0.0,0.0,0.125,0.25,0.375,0.20,0.19,2019.0,830,内野手,3,26,1993/03/29,188cm,77kg,不明,右両,ドミニカ共和国,True
倉本　寿彦,DeNA,0.121,24.0,35.0,33.0,4.0,0.0,2.0,0.0,2.0,0.0,7.0,0.0,0.0,0.171,0.152,0.323,-0.30,-0.08,2019.0,6400,内野手,5,28,1991/01/07,180cm,82kg,B型,右左,神奈川,False
Ｔ－岡田,オリックス,0.12,20.0,56.0,50.0,6.0,1.0,2.0,0.0,6.0,0.0,19.0,0.0,3.0,0.214,0.18,0.394,0.14,0.44,2019.0,12000,外野手,14,31,1988/02/09,187cm,100kg,B型,左左,大阪,False
三ツ俣　大樹,中日,0.111,21.0,33.0,27.0,3.0,0.0,0.0,0.0,4.0,0.0,6.0,2.0,1.0,0.226,0.185,0.411,0.69,0.80,2019.0,600,内野手,9,27,1992/05/11,177cm,84kg,O型,右右,東京都,True
荒木　郁也,阪神,0.111,9.0,9.0,9.0,1.0,0.0,0.0,0.0,0.0,0.0,4.0,0.0,0.0,0.111,0.222,0.333,-1.20,-1.05,2019.0,900,内野手,9,31,1988/04/25,183cm,71kg,B型,右左,東京都,True
陽川　尚将,阪神,0.109,28.0,60.0,55.0,6.0,3.0,4.0,0.0,4.0,0.0,19.0,1.0,2.0,0.169,0.291,0.46,0.75,1.06,2019.0,2000,内野手,6,28,1991/07/17,180cm,89kg,O型,右右,大阪,False
藤原　恭大,ロッテ,0.105,6.0,19.0,19.0,2.0,0.0,2.0,0.0,0.0,0.0,6.0,0.0,0.0,0.105,0.105,0.211,-1.15,-0.92,2019.0,1500,外野手,1,19,2000/05/06,181cm,78kg,B型,左左,大阪,False
江村　直也,ロッテ,0.097,23.0,35.0,31.0,3.0,1.0,4.0,0.0,2.0,0.0,10.0,2.0,2.0,0.152,0.194,0.345,-0.41,-0.12,2019.0,1200,捕手,9,27,1992/05/06,176cm,83kg,B型,右右,広島,False
永江　恭平,西武,0.095,27.0,26.0,21.0,2.0,0.0,1.0,1.0,4.0,0.0,12.0,1.0,0.0,0.24,0.143,0.383,0.60,0.86,2019.0,1040,内野手,8,26,1993/05/07,174cm,80kg,B型,右左,佐賀,False
美間　優槻,ソフトバンク,0.091,15.0,22.0,22.0,2.0,1.0,1.0,0.0,0.0,0.0,5.0,0.0,0.0,0.091,0.273,0.364,0.12,0.43,2019.0,650,内野手,7,25,1994/05/26,176cm,90kg,B型,右右,徳島,False
村林　一輝,楽天,0.083,49.0,25.0,24.0,2.0,0.0,0.0,0.0,0.0,0.0,5.0,1.0,1.0,0.083,0.125,0.208,-1.73,-1.57,2019.0,630,内野手,4,22,1997/10/06,180cm,73kg,O型,右右,大阪,False
谷内　亮太,日本ハム,0.08,24.0,26.0,25.0,2.0,0.0,1.0,0.0,0.0,1.0,8.0,0.0,2.0,0.115,0.08,0.195,-1.86,-1.65,2019.0,1050,内野手,7,28,1991/02/03,177cm,79kg,B型,右右,石川,False
藤井　亮太,ヤクルト,0.077,6.0,17.0,13.0,1.0,0.0,0.0,1.0,3.0,0.0,3.0,1.0,0.0,0.25,0.077,0.327,0.98,1.33,2019.0,1300,内野手,6,31,1988/09/30,176cm,73kg,A型,右左,兵庫,False
山野辺　翔,西武,0.071,9.0,18.0,14.0,1.0,0.0,1.0,1.0,2.0,2.0,4.0,0.0,1.0,0.278,0.143,0.421,1.10,1.33,2019.0,1200,内野手,1,25,1994/05/24,170cm,74kg,AB型,右右,東京都,True
江越　大賀,阪神,0.067,49.0,16.0,15.0,1.0,0.0,0.0,1.0,1.0,0.0,9.0,0.0,0.0,0.125,0.067,0.192,-0.92,-0.60,2019.0,1500,外野手,5,26,1993/03/12,182cm,80kg,O型,右右,長崎,False
渡辺　直人,楽天,0.063,19.0,19.0,16.0,1.0,1.0,1.0,0.0,1.0,1.0,7.0,1.0,0.0,0.167,0.25,0.417,0.80,1.27,2019.0,1700,内野手,13,39,1980/10/15,173cm,73kg,AB型,右右,茨城,False
石橋　康太,中日,0.059,12.0,18.0,17.0,1.0,0.0,2.0,0.0,0.0,1.0,8.0,0.0,0.0,0.111,0.176,0.288,-0.49,-0.20,2019.0,600,捕手,1,19,2000/12/07,180cm,87kg,A型,右右,千葉,False
関根　大気,DeNA,0.038,32.0,27.0,26.0,1.0,0.0,0.0,0.0,1.0,0.0,6.0,0.0,1.0,0.074,0.077,0.151,-1.87,-1.67,2019.0,1570,外野手,6,24,1995/06/28,173cm,75kg,A型,左左,愛知,False
飯田　大祐,オリックス,0.0,8.0,16.0,13.0,0.0,0.0,0.0,0.0,0.0,0.0,4.0,3.0,1.0,0.0,0.0,0.0,-2.46,-2.30,2019.0,860,捕手,3,29,1990/09/19,181cm,85kg,O型,右右,茨城,False
太田　椋,オリックス,0.0,6.0,16.0,13.0,0.0,0.0,0.0,0.0,2.0,1.0,7.0,0.0,0.0,0.188,0.0,0.188,-0.91,-0.44,2019.0,800,内野手,1,18,2001/02/14,181cm,78kg,B型,右右,大阪,False
水口　大地,西武,0.0,20.0,11.0,10.0,0.0,0.0,0.0,2.0,1.0,0.0,4.0,0.0,0.0,0.091,0.0,0.091,-1.01,-0.62,2019.0,770,内野手,7,30,1989/06/28,163cm,70kg,A型,右左,長崎,False
橋本　到,楽天,0.0,11.0,10.0,9.0,0.0,0.0,0.0,1.0,1.0,0.0,3.0,0.0,0.0,0.1,0.0,0.1,-1.33,-0.93,2019.0,2900,外野手,11,29,1990/04/28,172cm,78kg,O型,右左,宮城,False
吉川　大幾,巨人,0.0,10.0,10.0,9.0,0.0,0.0,0.0,0.0,1.0,0.0,3.0,0.0,1.0,0.1,0.0,0.1,-2.58,-2.32,2019.0,1800,内野手,9,27,1992/08/21,176cm,75kg,A型,右右,大阪,False
友永　翔太,中日,0.0,10.0,10.0,9.0,0.0,0.0,0.0,0.0,1.0,0.0,4.0,0.0,0.0,0.1,0.0,0.1,-1.88,-1.50,2019.0,650,外野手,5,28,1991/04/01,170cm,76kg,O型,右左,神奈川,False
山崎　勝己,オリックス,0.0,24.0,8.0,8.0,0.0,0.0,0.0,0.0,0.0,0.0,5.0,0.0,1.0,0.0,0.0,0.0,-3.51,-3.39,2019.0,1500,捕手,19,37,1982/08/16,180cm,88kg,O型,右右,兵庫,False
北村　拓己,巨人,0.0,5.0,7.0,5.0,0.0,0.0,0.0,1.0,1.0,1.0,2.0,0.0,0.0,0.286,0.0,0.286,1.59,2.11,2019.0,840,内野手,2,24,1995/08/29,181cm,88kg,A型,右右,石川,False
岸田　行倫,巨人,0.0,4.0,7.0,7.0,0.0,0.0,0.0,0.0,0.0,0.0,2.0,0.0,0.0,0.0,0.0,0.0,-2.76,-2.51,2019.0,1000,捕手,2,23,1996/10/10,176cm,87kg,A型,右右,兵庫,False
石原　彪,楽天,0.0,4.0,7.0,7.0,0.0,0.0,0.0,0.0,0.0,0.0,5.0,0.0,0.0,0.0,0.0,0.0,-2.85,-2.58,2019.0,500,捕手,3,20,1999/03/08,172cm,96kg,A型,右右,京都,False
俊介,阪神,0.0,6.0,6.0,6.0,0.0,0.0,0.0,0.0,0.0,0.0,1.0,0.0,0.0,0.0,0.0,0.0,-2.74,-2.48,2019.0,4000,外野手,10,32,1987/08/17,178cm,76kg,A型,右右,福岡,False
飛雄馬,DeNA,0.0,5.0,5.0,5.0,0.0,0.0,0.0,0.0,0.0,0.0,1.0,0.0,0.0,0.0,0.0,0.0,-2.74,-2.48,2019.0,700,内野手,8,28,1991/03/17,181cm,88kg,B型,右右,大阪,False
内田　靖人,楽天,0.0,2.0,5.0,2.0,0.0,0.0,0.0,0.0,2.0,1.0,0.0,0.0,0.0,0.6,0.0,0.6,10.26,11.34,2019.0,1400,内野手,6,24,1995/05/30,185cm,86kg,O型,右右,福島,False
濱田　太貴,ヤクルト,0.0,2.0,5.0,5.0,0.0,0.0,0.0,0.0,0.0,0.0,3.0,0.0,0.0,0.0,0.0,0.0,-2.83,-2.54,2019.0,500,外野手,1,19,2000/09/04,177cm,81kg,A型,右右,福岡,False
増田　珠,ソフトバンク,0.0,2.0,4.0,4.0,0.0,0.0,0.0,0.0,0.0,0.0,1.0,0.0,0.0,0.0,0.0,0.0,-2.75,-2.50,2019.0,620,内野手,2,20,1999/05/21,179cm,81kg,O型,右右,長崎,False
万波　中正,日本ハム,0.0,2.0,4.0,4.0,0.0,0.0,0.0,0.0,0.0,0.0,2.0,0.0,0.0,0.0,0.0,0.0,-2.81,-2.57,2019.0,520,外野手,1,19,2000/04/07,190cm,90kg,A型,右右,東京都,True
福浦　和也,ロッテ,0.0,1.0,4.0,4.0,0.0,0.0,0.0,0.0,0.0,0.0,0.0,0.0,0.0,0.0,0.0,0.0,-2.70,-2.43,2019.0,2000,内野手,26,44,1975/12/14,183cm,88kg,B型,左左,千葉,False
加藤　脩平,巨人,0.0,5.0,3.0,3.0,0.0,0.0,0.0,0.0,0.0,0.0,1.0,0.0,0.0,0.0,0.0,0.0,-2.77,-2.52,2019.0,300,外野手,3,20,1999/03/28,178cm,79kg,O型,右左,静岡,False
黒羽根　利規,日本ハム,0.0,4.0,3.0,2.0,0.0,0.0,1.0,0.0,1.0,0.0,1.0,0.0,0.0,0.333,0.0,0.333,1.39,2.03,2019.0,1700,捕手,14,32,1987/06/02,179cm,90kg,A型,右右,神奈川,False
中川　大志,DeNA,0.0,3.0,3.0,3.0,0.0,0.0,0.0,0.0,0.0,0.0,0.0,0.0,0.0,0.0,0.0,0.0,-2.70,-2.43,2019.0,1300,内野手,11,29,1990/06/08,186cm,95kg,A型,右右,愛知,False
斉藤　彰吾,西武,0.0,3.0,3.0,3.0,0.0,0.0,0.0,0.0,0.0,0.0,3.0,0.0,0.0,0.0,0.0,0.0,-2.92,-2.61,2019.0,1500,外野手,12,30,1989/05/14,179cm,80kg,B型,左左,埼玉,False
九鬼　隆平,ソフトバンク,0.0,2.0,3.0,2.0,0.0,0.0,0.0,0.0,0.0,1.0,1.0,0.0,0.0,0.333,0.0,0.333,1.39,2.03,2019.0,600,捕手,3,21,1998/09/05,180cm,82kg,A型,右右,大阪,False
白村　明弘,日本ハム,0.0,1.0,3.0,3.0,0.0,0.0,0.0,0.0,0.0,0.0,3.0,0.0,0.0,0.0,0.0,0.0,-2.92,-2.61,2019.0,1850,外野手,6,28,1991/12/11,187cm,87kg,B型,右左,岐阜,False
島井　寛仁,楽天,0.0,10.0,2.0,1.0,0.0,0.0,0.0,1.0,1.0,0.0,0.0,0.0,0.0,0.5,0.0,0.5,0.54,1.49,2019.0,700,外野手,7,29,1990/06/19,174cm,70kg,A型,右右,沖縄,False
根尾　昂,中日,0.0,2.0,2.0,2.0,0.0,0.0,0.0,0.0,0.0,0.0,2.0,0.0,0.0,0.0,0.0,0.0,-2.92,-2.70,2019.0,1500,内野手,1,19,2000/04/19,177cm,80kg,O型,右左,岐阜,False
實松　一成,日本ハム,0.0,5.0,1.0,1.0,0.0,0.0,0.0,0.0,0.0,0.0,0.0,0.0,0.0,0.0,0.0,0.0,-2.70,-2.43,2019.0,1150,捕手,21,38,1981/01/18,177cm,89kg,A型,右右,佐賀,False
山崎　憲晴,阪神,0.0,2.0,1.0,1.0,0.0,0.0,0.0,0.0,0.0,0.0,1.0,0.0,0.0,0.0,0.0,0.0,-2.92,-2.70,2019.0,1200,内野手,11,33,1986/12/13,176cm,80kg,O型,右右,静岡,False
西巻　賢二,楽天,0.0,2.0,1.0,1.0,0.0,0.0,0.0,0.0,0.0,0.0,1.0,0.0,0.0,0.0,0.0,0.0,-2.92,-2.70,2019.0,580,内野手,2,20,1999/04/22,167cm,68kg,A型,右右,福島,False
岩本　貴裕,広島,0.0,1.0,1.0,1.0,0.0,0.0,0.0,0.0,0.0,0.0,1.0,0.0,0.0,0.0,0.0,0.0,-2.92,-2.70,2019.0,1000,外野手,11,33,1986/04/18,182cm,96kg,A型,左左,広島,False
百瀬　大騎,DeNA,0.0,1.0,1.0,1.0,0.0,0.0,0.0,0.0,0.0,0.0,1.0,0.0,0.0,0.0,0.0,0.0,-2.92,-2.70,2019.0,560,内野手,5,22,1997/03/11,175cm,70kg,A型,右左,長野,False
李　杜軒,ロッテ,0.0,1.0,1.0,1.0,0.0,0.0,0.0,0.0,0.0,0.0,1.0,0.0,0.0,0.0,0.0,0.0,-2.92,-2.70,2019.0,500,内野手,12,31,1988/04/21,173cm,90kg,A型,右右,台湾,True
高木　渉,西武,0.0,1.0,1.0,1.0,0.0,0.0,0.0,0.0,0.0,0.0,0.0,0.0,0.0,0.0,0.0,0.0,-2.70,-2.43,2019.0,500,外野手,2,20,1999/12/06,180cm,77kg,B型,右左,福岡,False
髙松　渡,中日,0.0,2.0,0.0,0.0,0.0,0.0,0.0,0.0,0.0,0.0,0.0,0.0,0.0,0.0,0.0,0.0,0.00,0.00,2019.0,600,内野手,2,20,1999/07/02,176cm,65kg,A型,右左,兵庫,False
宮本　秀明,DeNA,0.0,1.0,0.0,0.0,0.0,0.0,0.0,0.0,0.0,0.0,0.0,0.0,0.0,0.0,0.0,0.0,0.00,0.00,2019.0,850,外野手,2,23,1996/07/24,178cm,83kg,O型,右左,熊本,False
赤松　真人,広島,0.0,1.0,0.0,0.0,0.0,0.0,0.0,0.0,0.0,0.0,0.0,0.0,0.0,0.0,0.0,0.0,0.00,0.00,2019.0,2025,外野手,15,37,1982/09/06,182cm,70kg,O型,右右,京都,False
田中　貴也,巨人,0.0,1.0,0.0,0.0,0.0,0.0,0.0,0.0,0.0,0.0,0.0,0.0,0.0,0.0,0.0,0.0,0.00,0.00,2019.0,540,捕手,5,27,1992/08/27,178cm,80kg,O型,右左,京都,False
村上　海斗,,,,,,,,,,,,,,,,,,,,,740,外野手,2,24,1995/07/07,189cm,95kg,B型,右右,京都,False
増田　陸,,,,,,,,,,,,,,,,,,,,,600,内野手,1,19,2000/06/17,178cm,80kg,A型,右右,大阪,False
松原　聖弥,,,,,,,,,,,,,,,,,,,,,560,外野手,3,24,1995/01/26,173cm,72kg,O型,右左,大阪,False
湯浅　大,,,,,,,,,,,,,,,,,,,,,520,内野手,2,19,2000/01/24,172cm,73kg,A型,右右,群馬,False
松井　義弥,,,,,,,,,,,,,,,,,,,,,500,内野手,1,19,2000/06/18,191cm,90kg,A型,右左,福岡,False
高山　竜太朗,,,,,,,,,,,,,,,,,,,,,370,捕手,3,24,1995/02/21,186cm,92kg,A型,右右,鹿児島,False
田島　洸成,,,,,,,,,,,,,,,,,,,,,300,内野手,4,23,1996/07/13,176cm,80kg,A型,右左,埼玉,False
笠井　駿,,,,,,,,,,,,,,,,,,,,,280,外野手,2,24,1995/04/20,178cm,80kg,B型,右右,東京都,True
広畑　塁,,,,,,,,,,,,,,,,,,,,,260,捕手,2,24,1995/06/17,177cm,76kg,O型,右左,福岡,False
折下　光輝,,,,,,,,,,,,,,,,,,,,,260,内野手,2,19,2000/02/14,177cm,86kg,A型,右右,徳島,False
荒井　颯太,,,,,,,,,,,,,,,,,,,,,250,外野手,2,20,1999/09/27,190cm,90kg,A型,右右,新潟,False
比嘉　賢伸,,,,,,,,,,,,,,,,,,,,,250,内野手,2,19,2000/01/12,180cm,85kg,A型,右左,大阪,False
小山　翔平,,,,,,,,,,,,,,,,,,,,,250,捕手,2,23,1996/03/25,170cm,75kg,O型,右右,京都,False
黒田　響生,,,,,,,,,,,,,,,,,,,,,240,内野手,1,19,2000/07/21,184cm,75kg,B型,右右,福井,False
モタ,,,,,,,,,,,,,,,,,,,,,230,外野手,1,23,1996/01/03,188cm,98kg,不明,右右,ドミニカ共和国,True
伊藤　隼太,,,,,,,,,,,,,,,,,,,,,2200,外野手,8,30,1989/05/08,177cm,84kg,O型,右左,愛知,False
岡﨑　太一,,,,,,,,,,,,,,,,,,,,,1500,捕手,15,36,1983/06/20,180cm,82kg,O型,右右,奈良,False
熊谷　敬宥,,,,,,,,,,,,,,,,,,,,,1000,内野手,2,24,1995/11/10,175cm,69kg,A型,右右,宮城,False
森越　祐人,,,,,,,,,,,,,,,,,,,,,950,内野手,9,31,1988/08/11,178cm,70kg,A型,右右,愛知,False
板山　祐太郎,,,,,,,,,,,,,,,,,,,,,880,外野手,4,25,1994/03/27,180cm,80kg,B型,右左,神奈川,False
小宮山　慎二,,,,,,,,,,,,,,,,,,,,,750,捕手,16,34,1985/11/26,178cm,85kg,A型,右右,神奈川,False
小幡　竜平,,,,,,,,,,,,,,,,,,,,,720,内野手,1,19,2000/09/21,181cm,73kg,B型,右左,大分,False
横田　慎太郎,,,,,,,,,,,,,,,,,,,,,700,外野手,6,24,1995/06/09,187cm,94kg,O型,左左,鹿児島,False
藤谷　洸介,,,,,,,,,,,,,,,,,,,,,630,内野手,3,23,1996/02/12,194cm,87kg,A型,右右,山口,False
片山　雄哉,,,,,,,,,,,,,,,,,,,,,300,捕手,1,25,1994/06/18,177cm,83kg,B型,右左,愛知,False
杉山　翔大,,,,,,,,,,,,,,,,,,,,,1500,捕手,7,28,1991/02/10,173cm,80kg,O型,右右,千葉,False
Ａ．マルティネス,,,,,,,,,,,,,,,,,,,,,1000,捕手,2,23,1996/05/28,190cm,95kg,不明,右右,キューバ,True
滝野　要,,,,,,,,,,,,,,,,,,,,,720,外野手,1,23,1996/07/08,185cm,76kg,B型,右左,三重,False
近藤　弘基,,,,,,,,,,,,,,,,,,,,,700,外野手,5,26,1993/02/12,179cm,78kg,A型,右右,愛知,False
石岡　諒太,,,,,,,,,,,,,,,,,,,,,600,内野手,4,27,1992/05/25,187cm,90kg,A型,左左,兵庫,False
山下　幸輝,,,,,,,,,,,,,,,,,,,,,1140,内野手,5,26,1993/01/31,173cm,80kg,B型,右左,千葉,False
狩野　行寿,,,,,,,,,,,,,,,,,,,,,610,内野手,3,25,1994/07/31,180cm,80kg,B型,右右,埼玉,False
大河,,,,,,,,,,,,,,,,,,,,,605,内野手,3,21,1998/04/05,174cm,75kg,B型,右右,大阪,False
西森　将司,,,,,,,,,,,,,,,,,,,,,600,捕手,8,32,1987/12/29,182cm,80kg,A型,右両,京都,False
知野　直人,,,,,,,,,,,,,,,,,,,,,560,内野手,1,20,1999/02/16,182cm,83kg,A型,右右,新潟,False
青柳　昴樹,,,,,,,,,,,,,,,,,,,,,550,外野手,4,22,1997/05/19,182cm,86kg,A型,右右,大阪,False
益子　京右,,,,,,,,,,,,,,,,,,,,,470,捕手,1,19,2000/12/27,176cm,87kg,A型,右右,栃木,False
中村　奨成,,,,,,,,,,,,,,,,,,,,,800,捕手,2,20,1999/06/06,181cm,76kg,B型,右右,広島,False
庄司　隼人,,,,,,,,,,,,,,,,,,,,,700,内野手,10,28,1991/06/21,175cm,76kg,A型,右左,静岡,False
正隨　優弥,,,,,,,,,,,,,,,,,,,,,700,外野手,1,23,1996/04/02,180cm,92kg,A型,右右,広島,False
船越　涼太,,,,,,,,,,,,,,,,,,,,,650,捕手,4,26,1993/11/26,178cm,85kg,O型,右右,千葉,False
白濱　裕太,,,,,,,,,,,,,,,,,,,,,650,捕手,16,34,1985/10/31,180cm,90kg,A型,右右,大阪,False
林　晃汰,,,,,,,,,,,,,,,,,,,,,600,内野手,1,19,2000/11/16,182cm,90kg,O型,右左,和歌山,False
桒原　樹,,,,,,,,,,,,,,,,,,,,,550,内野手,5,23,1996/07/04,180cm,80kg,O型,右左,静岡,False
永井　敦士,,,,,,,,,,,,,,,,,,,,,500,外野手,2,19,2000/01/10,178cm,88kg,B型,右右,埼玉,False
中神　拓都,,,,,,,,,,,,,,,,,,,,,500,内野手,1,19,2000/05/29,175cm,85kg,O型,右右,岐阜,False
羽月　隆太郎,,,,,,,,,,,,,,,,,,,,,450,内野手,1,19,2000/04/19,167cm,70kg,O型,右左,宮崎,False
木村　聡司,,,,,,,,,,,,,,,,,,,,,400,内野手,5,23,1996/05/06,180cm,78kg,B型,右右,静岡,False
大盛　穂,,,,,,,,,,,,,,,,,,,,,300,外野手,1,23,1996/08/31,180cm,71kg,A型,右左,大阪,False
三輪　正義,,,,,,,,,,,,,,,,,,,,,1350,内野手,12,35,1984/01/23,168cm,70kg,A型,右左,山口,False
山川　晃司,,,,,,,,,,,,,,,,,,,,,550,捕手,5,23,1996/11/15,184cm,87kg,A型,右右,福岡,False
内山　太嗣,,,,,,,,,,,,,,,,,,,,,280,捕手,1,23,1996/04/21,171cm,77kg,AB型,右右,青森,False
松本　友,,,,,,,,,,,,,,,,,,,,,280,内野手,1,24,1995/02/05,179cm,86kg,O型,右左,福岡,False
市川　友也,,,,,,,,,,,,,,,,,,,,,2300,捕手,10,34,1985/05/09,175cm,84kg,O型,右右,神奈川,False
谷川原　健太,,,,,,,,,,,,,,,,,,,,,600,捕手,4,22,1997/04/16,174cm,87kg,B型,右左,愛知,False
古澤　勝吾,,,,,,,,,,,,,,,,,,,,,590,内野手,5,23,1996/09/05,177cm,78kg,B型,右右,滋賀,False
張本　優大,,,,,,,,,,,,,,,,,,,,,510,捕手,6,29,1990/10/13,182cm,92kg,A型,右右,大阪,False
堀内　汰門,,,,,,,,,,,,,,,,,,,,,500,捕手,5,23,1996/09/16,175cm,76kg,O型,右右,埼玉,False
黒瀬　健太,,,,,,,,,,,,,,,,,,,,,500,内野手,4,22,1997/08/12,181cm,97kg,O型,右右,大阪,False
水谷　瞬,,,,,,,,,,,,,,,,,,,,,500,外野手,1,18,2001/03/09,192cm,90kg,A型,右右,愛知,False
中村　宜聖,,,,,,,,,,,,,,,,,,,,,360,外野手,1,19,2000/07/03,183cm,88kg,O型,右右,大分,False
渡邉　陸,,,,,,,,,,,,,,,,,,,,,360,捕手,1,19,2000/09/24,184cm,80kg,A型,右左,熊本,False
清水　陸哉,,,,,,,,,,,,,,,,,,,,,300,外野手,3,20,1999/01/22,185cm,82kg,AB型,右右,大阪,False
砂川　リチャード,,,,,,,,,,,,,,,,,,,,,300,内野手,2,20,1999/06/18,188cm,113kg,O型,右右,沖縄,False
大本　将吾,,,,,,,,,,,,,,,,,,,,,300,外野手,3,21,1998/04/22,185cm,99kg,AB型,右左,愛媛,False
日暮　矢麻人,,,,,,,,,,,,,,,,,,,,,300,外野手,2,20,1999/06/16,178cm,85kg,A型,左左,神奈川,False
田城　飛翔,,,,,,,,,,,,,,,,,,,,,300,外野手,3,20,1999/03/19,178cm,67kg,B型,右左,神奈川,False
伊志嶺　翔大,,,,,,,,,,,,,,,,,,,,,1690,外野手,9,31,1988/05/12,179cm,79kg,A型,右右,沖縄,False
安田　尚憲,,,,,,,,,,,,,,,,,,,,,1300,内野手,2,20,1999/04/15,188cm,95kg,A型,右左,大阪,False
宗接　唯人,,,,,,,,,,,,,,,,,,,,,800,捕手,3,25,1994/07/06,183cm,90kg,O型,右右,兵庫,False
山口　航輝,,,,,,,,,,,,,,,,,,,,,560,外野手,1,19,2000/08/18,182cm,85kg,A型,右右,大阪,False
大木　貴将,,,,,,,,,,,,,,,,,,,,,450,内野手,4,28,1991/11/22,174cm,73kg,B型,右左,千葉,False
茶谷　健太,,,,,,,,,,,,,,,,,,,,,300,内野手,4,21,1998/01/16,186cm,85kg,O型,右右,神奈川,False
和田　康士朗,,,,,,,,,,,,,,,,,,,,,240,外野手,2,20,1999/01/14,185cm,72kg,B型,左左,埼玉,False
星　孝典,,,,,,,,,,,,,,,,,,,,,1000,捕手,15,37,1982/05/04,175cm,78kg,B型,右右,宮城,False
川越　誠司,,,,,,,,,,,,,,,,,,,,,760,外野手,4,26,1993/06/30,174cm,80kg,A型,左左,北海道,False
西川　愛也,,,,,,,,,,,,,,,,,,,,,700,内野手,2,20,1999/06/10,180cm,78kg,A型,右左,大阪,False
金子　一輝,,,,,,,,,,,,,,,,,,,,,650,内野手,6,24,1995/05/29,182cm,75kg,B型,右右,神奈川,False
呉　念庭,,,,,,,,,,,,,,,,,,,,,650,内野手,4,26,1993/06/07,178cm,75kg,AB型,右左,台湾,True
牧野　翔矢,,,,,,,,,,,,,,,,,,,,,600,捕手,1,18,2001/03/04,178cm,77kg,B型,右左,石川,False
綱島　龍生,,,,,,,,,,,,,,,,,,,,,500,内野手,2,19,2000/01/21,178cm,76kg,A型,右左,新潟,False
中熊　大智,,,,,,,,,,,,,,,,,,,,,400,捕手,1,23,1996/08/27,176cm,87kg,A型,右左,熊本,False
齊藤　誠人,,,,,,,,,,,,,,,,,,,,,300,捕手,2,24,1995/08/07,180cm,83kg,A型,右左,北海道,False
岡島　豪郎,,,,,,,,,,,,,,,,,,,,,3450,捕手,8,30,1989/09/07,176cm,82kg,B型,右左,群馬,False
岩見　雅紀,,,,,,,,,,,,,,,,,,,,,1150,外野手,2,25,1994/07/10,187cm,108kg,A型,右右,滋賀,False
耀飛,,,,,,,,,,,,,,,,,,,,,700,外野手,2,23,1996/03/05,180cm,96kg,A型,右右,大阪,False
下妻　貴寛,,,,,,,,,,,,,,,,,,,,,550,捕手,7,25,1994/04/15,186cm,85kg,B型,右右,山形,False
吉持　亮汰,,,,,,,,,,,,,,,,,,,,,500,内野手,4,26,1993/11/04,175cm,68kg,AB型,右右,大阪,False
卓丸,,,,,,,,,,,,,,,,,,,,,480,外野手,5,22,1997/01/17,180cm,76kg,O型,右左,福島,False
山田　大樹,,,,,,,,,,,,,,,,,,,,,300,内野手,4,22,1997/10/04,174cm,89kg,B型,右左,三重,False
中村　和希,,,,,,,,,,,,,,,,,,,,,250,外野手,2,24,1995/10/26,173cm,75kg,A型,左左,大阪,False
松本　京志郎,,,,,,,,,,,,,,,,,,,,,250,内野手,2,20,1999/09/21,172cm,72kg,O型,右左,福島,False
南　要輔,,,,,,,,,,,,,,,,,,,,,250,内野手,3,25,1994/08/07,175cm,73kg,O型,右右,東京都,True
ヒメネス,,,,,,,,,,,,,,,,,,,,,240,内野手,1,31,1988/01/18,180cm,94kg,不明,右右,ドミニカ共和国,True
森山　恵佑,,,,,,,,,,,,,,,,,,,,,820,外野手,3,25,1994/05/02,188cm,97kg,B型,左左,富山,False
野村　佑希,,,,,,,,,,,,,,,,,,,,,600,内野手,1,19,2000/06/26,185cm,90kg,O型,右右,アメリカ,True
岸里　亮佑,,,,,,,,,,,,,,,,,,,,,530,外野手,6,24,1995/04/03,180cm,76kg,B型,右左,岩手,False
難波　侑平,,,,,,,,,,,,,,,,,,,,,520,内野手,2,20,1999/05/06,178cm,76kg,B型,右左,岡山,False
髙濱　祐仁,,,,,,,,,,,,,,,,,,,,,510,内野手,5,23,1996/08/08,184cm,89kg,B型,右右,佐賀,False
姫野　優也,,,,,,,,,,,,,,,,,,,,,490,外野手,4,22,1997/04/02,184cm,84kg,B型,右両,大阪,False
田宮　裕涼,,,,,,,,,,,,,,,,,,,,,480,捕手,1,19,2000/06/13,174cm,77kg,A型,右左,千葉,False
森本　龍弥,,,,,,,,,,,,,,,,,,,,,430,内野手,7,25,1994/06/12,185cm,103kg,O型,右右,兵庫,False
海老原　一佳,,,,,,,,,,,,,,,,,,,,,260,外野手,1,24,1995/09/13,188cm,92kg,A型,右左,東京都,True
岡﨑　大輔,,,,,,,,,,,,,,,,,,,,,610,内野手,3,21,1998/09/17,182cm,75kg,AB型,右左,埼玉,False
廣澤　伸哉,,,,,,,,,,,,,,,,,,,,,480,内野手,2,20,1999/08/11,175cm,72kg,B型,右右,大分,False
根本　薫,,,,,,,,,,,,,,,,,,,,,450,外野手,3,21,1998/07/29,185cm,84kg,B型,左左,茨城,False
稲富　宏樹,,,,,,,,,,,,,,,,,,,,,260,捕手,2,20,1999/04/27,178cm,83kg,O型,右左,大阪,False
フェリペ,,,,,,,,,,,,,,,,,,,,,250,捕手,2,20,1999/09/04,176cm,73kg,O型,右右,静岡,False
比屋根　彰人,,,,,,,,,,,,,,,,,,,,,250,内野手,2,20,1999/08/25,183cm,94kg,A型,右右,沖縄,False
